Year,Location,Avg
1970,Astoria,-0.03066666666666667
1970,Charleston SC,-0.06991666666666667
1970,Los Angeles,-0.06633333333333333
1970,"Majuro C, Marshall Islands",6.905583333333333
1970,Portland ME,0.042166666666666665
1970,San Francisco,-0.04808333333333333
1970,Sewells Point VA,-0.09525
1971,Astoria,0.0305
1971,Charleston SC,-0.06291666666666666
1971,Los Angeles,-0.05475
1971,"Majuro C, Marshall Islands",6.938
1971,Portland ME,0.03125
1971,San Francisco,-0.09875
1971,Sewells Point VA,-0.07841666666666666
1972,Astoria,0.06666666666666667
1972,Charleston SC,-0.01875
1972,Los Angeles,-0.004916666666666667
1972,"Majuro C, Marshall Islands",6.836333333333333
1972,Portland ME,0.017333333333333333
1972,San Francisco,-0.02208333333333333
1972,Sewells Point VA,-0.018833333333333334
1973,Astoria,-0.041249999999999995
1973,Charleston SC,0.0015833333333333333
1973,Los Angeles,-0.04841666666666667
1973,Portland ME,-0.036166666666666666
1973,San Francisco,-0.059416666666666666
1973,Sewells Point VA,-0.04866666666666667
1974,Astoria,0.03383333333333333
1974,Charleston SC,-0.031249999999999997
1974,Los Angeles,-0.05291666666666667
1974,"Majuro C, Marshall Islands",6.90125
1974,Portland ME,-0.051750000000000004
1974,San Francisco,-0.04558333333333334
1974,Sewells Point VA,-0.07725
1975,Astoria,-0.022583333333333334
1975,Charleston SC,-0.011916666666666667
1975,Los Angeles,-0.06925
1975,"Majuro C, Marshall Islands",6.926875
1975,Portland ME,-0.006
1975,San Francisco,-0.08816666666666667
1975,Sewells Point VA,-0.05583333333333333
1976,Astoria,-0.005499999999999999
1976,Charleston SC,-0.08991666666666667
1976,Los Angeles,-0.013166666666666667
1976,"Majuro C, Marshall Islands",6.862272727272727
1976,Portland ME,0.02625
1976,San Francisco,-0.04916666666666667
1976,Sewells Point VA,-0.13916666666666666
1977,Astoria,-0.07275000000000001
1977,Charleston SC,-0.08033333333333333
1977,Los Angeles,-0.026
1977,"Majuro C, Marshall Islands",6.918333333333333
1977,Portland ME,0.05125
1977,San Francisco,-0.0975
1977,Sewells Point VA,-0.14308333333333334
1978,Astoria,-0.021833333333333333
1978,Charleston SC,-0.058083333333333334
1978,Los Angeles,9.999999999999992e-4
1978,"Majuro C, Marshall Islands",6.931363636363637
1978,Portland ME,0.03366666666666667
1978,San Francisco,-0.028
1978,Sewells Point VA,-0.03925
1979,Astoria,-0.04925
1979,Charleston SC,-0.078
1979,Los Angeles,-0.027416666666666666
1979,"Majuro C, Marshall Islands",6.924666666666667
1979,Portland ME,0.0010833333333333326
1979,San Francisco,-0.052583333333333336
1979,Sewells Point VA,-0.06216666666666667
1980,Astoria,-0.029166666666666667
1980,Charleston SC,-0.06175
1980,Los Angeles,-0.01275
1980,"Majuro C, Marshall Islands",6.9079
1980,Portland ME,-0.010166666666666668
1980,San Francisco,-0.022333333333333334
1980,Sewells Point VA,-0.09641666666666666
1981,Astoria,0.009
1981,Charleston SC,-0.09116666666666666
1981,Los Angeles,-0.026000000000000002
1981,"Majuro C, Marshall Islands",6.933
1981,Portland ME,0.010416666666666666
1981,San Francisco,-0.05241666666666667
1981,Sewells Point VA,-0.10149999999999999
1982,Astoria,0.07591666666666667
1982,Charleston SC,-0.05416666666666667
1982,Los Angeles,0.009250000000000001
1982,"Majuro C, Marshall Islands",6.8255
1982,Portland ME,-0.033
1982,San Francisco,0.042416666666666665
1982,Sewells Point VA,-0.064
1983,Astoria,0.131
1983,Charleston SC,0.011916666666666667
1983,Los Angeles,0.06991666666666667
1983,"Majuro C, Marshall Islands",6.957583333333333
1983,Portland ME,0.03816666666666667
1983,San Francisco,0.14491666666666667
1983,Sewells Point VA,0.018666666666666665
1984,Astoria,0.03308333333333333
1984,Charleston SC,-0.017333333333333336
1984,Los Angeles,0.015833333333333335
1984,"Majuro C, Marshall Islands",6.942083333333334
1984,Portland ME,0.00575
1984,San Francisco,-6.666666666666673e-4
1984,Sewells Point VA,-0.0048333333333333344
1985,Astoria,-0.08275
1985,Charleston SC,-0.01975
1985,Los Angeles,-0.03308333333333333
1985,"Majuro C, Marshall Islands",6.922833333333333
1985,Portland ME,-0.017833333333333333
1985,San Francisco,-0.0545
1985,Sewells Point VA,-0.04583333333333333
1986,Astoria,-0.003916666666666667
1986,Charleston SC,-0.005833333333333334
1986,Los Angeles,-0.017083333333333332
1986,"Majuro C, Marshall Islands",6.9446666666666665
1986,Portland ME,-0.017666666666666667
1986,San Francisco,0.01125
1986,Sewells Point VA,-0.03966666666666667
1987,Astoria,-0.030833333333333334
1987,Charleston SC,-0.0265
1987,Los Angeles,-0.0018333333333333337
1987,"Majuro C, Marshall Islands",6.895416666666667
1987,Portland ME,0.007000000000000001
1987,San Francisco,-0.014083333333333333
1987,Sewells Point VA,-0.008833333333333334
1988,Astoria,-0.07466666666666666
1988,Charleston SC,-0.06125
1988,Los Angeles,-0.06266666666666666
1988,"Majuro C, Marshall Islands",6.9738181818181815
1988,Portland ME,-0.021916666666666664
1988,San Francisco,-0.06891666666666667
1988,Sewells Point VA,-0.08275
1989,Astoria,-0.06858333333333333
1989,Charleston SC,-0.056
1989,Los Angeles,-0.051333333333333335
1989,"Majuro C, Marshall Islands",6.968666666666667
1989,Portland ME,-0.043166666666666666
1989,San Francisco,-0.04558333333333333
1989,Sewells Point VA,-0.05491666666666667
1990,Astoria,-0.011333333333333334
1990,Charleston SC,-0.0335
1990,Los Angeles,-0.016083333333333335
1990,"Majuro C, Marshall Islands",6.9783333333333335
1990,Portland ME,-0.03183333333333333
1990,San Francisco,-0.029666666666666668
1990,Sewells Point VA,-0.0665
1991,Astoria,-0.022666666666666665
1991,Charleston SC,0.027416666666666666
1991,Los Angeles,-0.009833333333333333
1991,"Majuro C, Marshall Islands",6.8865
1991,Portland ME,0.011583333333333333
1991,San Francisco,-0.035333333333333335
1991,Sewells Point VA,-0.009833333333333331
1992,Astoria,-0.004500000000000001
1992,Charleston SC,0.016833333333333336
1992,Los Angeles,0.0585
1992,"Majuro C, Marshall Islands",6.930083333333333
1992,Portland ME,-0.0011666666666666665
1992,San Francisco,0.04875
1992,Sewells Point VA,0.014
1993,Astoria,-0.018333333333333333
1993,Charleston SC,0.01125
1993,Los Angeles,0.043916666666666666
1993,"Majuro C, Marshall Islands",6.929416666666667
1993,Portland ME,-5.000000000000006e-4
1993,San Francisco,0.03925
1993,Sewells Point VA,0.007583333333333333
1994,Astoria,-0.02666666666666667
1994,Charleston SC,-5.833333333333338e-4
1994,Los Angeles,0.00975
1994,"Majuro C, Marshall Islands",6.929416666666667
1994,Portland ME,-0.034749999999999996
1994,San Francisco,-0.0395
1994,Sewells Point VA,-0.04808333333333333
1995,Astoria,0.0475
1995,Charleston SC,0.052
1995,Los Angeles,0.002583333333333333
1995,"Majuro C, Marshall Islands",6.969
1995,Portland ME,0.010166666666666668
1995,San Francisco,0.034916666666666665
1995,Sewells Point VA,-0.013500000000000003
1996,Astoria,0.06025
1996,Charleston SC,-0.03241666666666666
1996,Los Angeles,-0.016583333333333332
1996,"Majuro C, Marshall Islands",7.00675
1996,Portland ME,0.04225
1996,San Francisco,-0.003916666666666667
1996,Sewells Point VA,0.06533333333333333
1997,Astoria,0.13091666666666665
1997,Charleston SC,0.0265
1997,Los Angeles,0.07725
1997,"Majuro C, Marshall Islands",6.861166666666667
1997,Portland ME,0.029
1997,San Francisco,0.05558333333333333
1997,Sewells Point VA,0.06116666666666667
1998,Astoria,0.06
1998,Charleston SC,-0.0011666666666666683
1998,Los Angeles,0.02225
1998,"Majuro C, Marshall Islands",6.9965
1998,Portland ME,0.04441666666666667
1998,San Francisco,0.06141666666666666
1998,Sewells Point VA,0.11508333333333333
1999,Astoria,0.016166666666666666
1999,Charleston SC,0.06808333333333333
1999,Los Angeles,-0.04933333333333333
1999,"Majuro C, Marshall Islands",6.972727272727273
1999,Portland ME,-0.008166666666666668
1999,San Francisco,-0.050333333333333334
1999,Sewells Point VA,0.05608333333333333
2000,Astoria,-0.04425
2000,Charleston SC,0.036833333333333336
2000,Los Angeles,-0.028833333333333332
2000,"Majuro C, Marshall Islands",7.020272727272728
2000,Portland ME,-0.005749999999999999
2000,San Francisco,-0.028
2000,Sewells Point VA,0.020833333333333332
2001,Astoria,-0.09191666666666666
2001,Charleston SC,0.0021666666666666666
2001,Los Angeles,-0.014916666666666667
2001,"Majuro C, Marshall Islands",7.00875
2001,Portland ME,-0.008416666666666668
2001,San Francisco,-0.027583333333333335
2001,Sewells Point VA,0.015666666666666666
2002,Astoria,-0.03858333333333333
2002,Charleston SC,0.01883333333333333
2002,Los Angeles,-0.0115
2002,"Majuro C, Marshall Islands",6.948083333333333
2002,Portland ME,-0.020083333333333335
2002,San Francisco,-0.012416666666666666
2002,Sewells Point VA,-0.010333333333333333
2003,Astoria,-1.6666666666666682e-4
2003,Charleston SC,-9.16666666666666e-4
2003,Los Angeles,0.003833333333333333
2003,"Majuro C, Marshall Islands",7.006166666666667
2003,Portland ME,7.499999999999988e-4
2003,San Francisco,-3.3333333333333283e-4
2003,Sewells Point VA,0.06125
2004,Astoria,-0.018333333333333333
2004,Charleston SC,-0.017666666666666667
2004,Los Angeles,0.018083333333333333
2004,"Majuro C, Marshall Islands",7.014916666666666
2004,Portland ME,0.014583333333333332
2004,San Francisco,0.004333333333333333
2004,Sewells Point VA,0.06166666666666667
2005,Astoria,-0.018416666666666668
2005,Charleston SC,0.05316666666666667
2005,Los Angeles,0.012416666666666666
2005,"Majuro C, Marshall Islands",6.998083333333334
2005,Portland ME,0.07033333333333333
2005,San Francisco,0.025583333333333333
2005,Sewells Point VA,0.12116666666666666
2006,Astoria,0.0315
2006,Charleston SC,0.0075
2006,Los Angeles,0.010416666666666668
2006,"Majuro C, Marshall Islands",6.97725
2006,Portland ME,0.045
2006,San Francisco,0.051416666666666666
2006,Sewells Point VA,0.0785
2007,Astoria,-0.04825
2007,Charleston SC,0.03833333333333333
2007,Los Angeles,-0.024
2007,"Majuro C, Marshall Islands",7.06875
2007,Portland ME,-0.009833333333333335
2007,San Francisco,-0.0595
2007,Sewells Point VA,0.04225
2008,Astoria,-0.0385
2008,Charleston SC,0.014750000000000001
2008,Los Angeles,0.016
2008,"Majuro C, Marshall Islands",7.025833333333333
2008,Portland ME,0.01025
2008,San Francisco,-0.022416666666666668
2008,Sewells Point VA,0.06025
2009,Astoria,-0.028166666666666666
2009,Charleston SC,0.052500000000000005
2009,Los Angeles,0.026166666666666664
2009,"Majuro C, Marshall Islands",6.997416666666667
2009,Portland ME,0.06441666666666666
2009,San Francisco,1.6666666666666666e-4
2009,Sewells Point VA,0.12716666666666668
2010,Astoria,0.019333333333333334
2010,Charleston SC,0.028999999999999998
2010,Los Angeles,0.005000000000000001
2010,"Majuro C, Marshall Islands",7.044583333333334
2010,Portland ME,0.13833333333333334
2010,San Francisco,0.011166666666666667
2010,Sewells Point VA,0.13999999999999999
2011,Astoria,0.025416666666666667
2011,Charleston SC,0.027916666666666666
2011,Los Angeles,-0.0018333333333333329
2011,"Majuro C, Marshall Islands",7.08275
2011,Portland ME,0.09158333333333334
2011,San Francisco,0.007083333333333334
2011,Sewells Point VA,0.12358333333333334
2012,Astoria,0.06675
2012,Charleston SC,0.07216666666666667
2012,Los Angeles,0.017833333333333333
2012,"Majuro C, Marshall Islands",7.087166666666667
2012,Portland ME,0.08583333333333333
2012,San Francisco,0.0025
2012,Sewells Point VA,0.12966666666666668
2013,Astoria,-0.068
2013,Charleston SC,0.07133333333333333
2013,Los Angeles,0.012666666666666668
2013,"Majuro C, Marshall Islands",7.03975
2013,Portland ME,0.067
2013,San Francisco,-0.018166666666666668
2013,Sewells Point VA,0.10666666666666667
2014,Astoria,0.056666666666666664
2014,Charleston SC,0.1295
2014,Los Angeles,0.07983333333333334
2014,"Majuro C, Marshall Islands",7.014916666666666
2014,Portland ME,0.059416666666666666
2014,San Francisco,0.06375
2014,Sewells Point VA,0.13325
2015,Astoria,0.03816666666666667
2015,Charleston SC,0.14041666666666666
2015,Los Angeles,0.11916666666666667
2015,"Majuro C, Marshall Islands",6.91875
2015,Portland ME,0.0027499999999999994
2015,San Francisco,0.09066666666666666
2015,Sewells Point VA,0.1035
2016,Astoria,0.0575
2016,Charleston SC,0.14308333333333334
2016,Los Angeles,0.05216666666666667
2016,"Majuro C, Marshall Islands",7.097416666666667
2016,Portland ME,0.042749999999999996
2016,San Francisco,0.04866666666666667
2016,Sewells Point VA,0.14441666666666667
2017,Astoria,0.06966666666666667
2017,Charleston SC,0.1055
2017,Los Angeles,0.053
2017,"Majuro C, Marshall Islands",7.0865
2017,Portland ME,0.07441666666666667
2017,San Francisco,0.08025
2017,Sewells Point VA,0.13925
2018,Astoria,0.0034999999999999988
2018,Charleston SC,0.10333333333333333
2018,Los Angeles,0.06433333333333334
2018,"Majuro C, Marshall Islands",7.0705
2018,Portland ME,0.07391666666666667
2018,San Francisco,0.0475
2018,Sewells Point VA,0.16475
2019,Astoria,-0.013499999999999998
2019,Charleston SC,0.194
2019,Los Angeles,0.06133333333333334
2019,Portland ME,0.08650000000000001
2019,San Francisco,0.09675
2019,Sewells Point VA,0.19908333333333333
