,,,,,,,,,,,,,,,,,,,,,,,,,,,,,,,,,,,,,,,,,,,,,,,,,,,,,,,,,,,,,,,,,,,
mm/dd,2023:TDA:Chin (fish/day),2022:TDA:Chin (fish/day),2021:TDA:Chin (fish/day),2020:TDA:Chin (fish/day),2019:TDA:Chin (fish/day),2018:TDA:Chin (fish/day),2017:TDA:Chin (fish/day),2016:TDA:Chin (fish/day),2015:TDA:Chin (fish/day),2014:TDA:Chin (fish/day),2013:TDA:Chin (fish/day),2012:TDA:Chin (fish/day),2011:TDA:Chin (fish/day),2010:TDA:Chin (fish/day),2009:TDA:Chin (fish/day),2008:TDA:Chin (fish/day),2007:TDA:Chin (fish/day),2006:TDA:Chin (fish/day),2005:TDA:Chin (fish/day),2004:TDA:Chin (fish/day),2003:TDA:Chin (fish/day),2002:TDA:Chin (fish/day),2001:TDA:Chin (fish/day),2000:TDA:Chin (fish/day),1999:TDA:Chin (fish/day),1998:TDA:Chin (fish/day),1997:TDA:Chin (fish/day),1996:TDA:Chin (fish/day),1995:TDA:Chin (fish/day),1994:TDA:Chin (fish/day),1993:TDA:Chin (fish/day),1992:TDA:Chin (fish/day),1991:TDA:Chin (fish/day),1990:TDA:Chin (fish/day),1989:TDA:Chin (fish/day),1988:TDA:Chin (fish/day),1987:TDA:Chin (fish/day),1986:TDA:Chin (fish/day),1985:TDA:Chin (fish/day),1984:TDA:Chin (fish/day),1983:TDA:Chin (fish/day),1982:TDA:Chin (fish/day),1981:TDA:Chin (fish/day),1980:TDA:Chin (fish/day),1979:TDA:Chin (fish/day),1978:TDA:Chin (fish/day),1977:TDA:Chin (fish/day),1976:TDA:Chin (fish/day),1975:TDA:Chin (fish/day),1974:TDA:Chin (fish/day),1973:TDA:Chin (fish/day),1972:TDA:Chin (fish/day),1971:TDA:Chin (fish/day),1970:TDA:Chin (fish/day),1969:TDA:Chin (fish/day),1968:TDA:Chin (fish/day),1967:TDA:Chin (fish/day),1966:TDA:Chin (fish/day),1965:TDA:Chin (fish/day),1964:TDA:Chin (fish/day),1963:TDA:Chin (fish/day),1962:TDA:Chin (fish/day),1961:TDA:Chin (fish/day),1960:TDA:Chin (fish/day),1959:TDA:Chin (fish/day),1958:TDA:Chin (fish/day),1957:TDA:Chin (fish/day)
1/1,0,NA,NA,NA,NA,1,NA,NA,NA,NA,0,NA,NA,NA,NA,NA,NA,NA,NA,NA,NA,NA,NA,NA,NA,NA,NA,NA,NA,NA,NA,NA,NA,NA,NA,NA,NA,NA,NA,NA,NA,NA,NA,NA,NA,NA,NA,NA,NA,NA,NA,NA,NA,NA,NA,NA,NA,NA,NA,NA,NA,NA,NA,NA,NA,NA,NA
1/2,0,NA,NA,NA,NA,1,NA,NA,NA,NA,0,NA,NA,NA,NA,NA,NA,NA,NA,NA,NA,NA,NA,NA,NA,NA,NA,NA,NA,NA,NA,NA,NA,NA,NA,NA,NA,NA,NA,NA,NA,NA,NA,NA,NA,NA,NA,NA,NA,NA,NA,NA,NA,NA,NA,NA,NA,NA,NA,NA,NA,NA,NA,NA,NA,NA,NA
1/3,0,NA,NA,NA,NA,0,NA,NA,NA,NA,0,NA,NA,NA,NA,NA,NA,NA,NA,NA,NA,NA,NA,NA,NA,NA,NA,NA,NA,NA,NA,NA,NA,NA,NA,NA,NA,NA,NA,NA,NA,NA,NA,NA,NA,NA,NA,NA,NA,NA,NA,NA,NA,NA,NA,NA,NA,NA,NA,NA,NA,NA,NA,NA,NA,NA,NA
1/4,0,NA,NA,NA,NA,-1,NA,NA,NA,NA,0,NA,NA,NA,NA,NA,NA,NA,NA,NA,NA,NA,NA,NA,NA,NA,NA,NA,NA,NA,NA,NA,NA,NA,NA,NA,NA,NA,NA,NA,NA,NA,NA,NA,NA,NA,NA,NA,NA,NA,NA,NA,NA,NA,NA,NA,NA,NA,NA,NA,NA,NA,NA,NA,NA,NA,NA
1/5,0,NA,NA,NA,NA,0,NA,NA,NA,NA,0,NA,NA,NA,NA,NA,NA,NA,NA,NA,NA,NA,NA,NA,NA,NA,NA,NA,NA,NA,NA,NA,NA,NA,NA,NA,NA,NA,NA,NA,NA,NA,NA,NA,NA,NA,NA,NA,NA,NA,NA,NA,NA,NA,NA,NA,NA,NA,NA,NA,NA,NA,NA,NA,NA,NA,NA
1/6,0,NA,NA,NA,NA,1,NA,NA,NA,NA,0,NA,NA,NA,NA,NA,NA,NA,NA,NA,NA,NA,NA,NA,NA,NA,NA,NA,NA,NA,NA,NA,NA,NA,NA,NA,NA,NA,NA,NA,NA,NA,NA,NA,NA,NA,NA,NA,NA,NA,NA,NA,NA,NA,NA,NA,NA,NA,NA,NA,NA,NA,NA,NA,NA,NA,NA
1/7,0,NA,NA,NA,NA,0,NA,NA,NA,NA,0,NA,NA,NA,NA,NA,NA,NA,NA,NA,NA,NA,NA,NA,NA,NA,NA,NA,NA,NA,NA,NA,NA,NA,NA,NA,NA,NA,NA,NA,NA,NA,NA,NA,NA,NA,NA,NA,NA,NA,NA,NA,NA,NA,NA,NA,NA,NA,NA,NA,NA,NA,NA,NA,NA,NA,NA
1/8,0,NA,NA,NA,NA,1,NA,NA,NA,NA,0,NA,NA,NA,NA,NA,NA,NA,NA,NA,NA,NA,NA,NA,NA,NA,NA,NA,NA,NA,NA,NA,NA,NA,NA,NA,NA,NA,NA,NA,NA,NA,NA,NA,NA,NA,NA,NA,NA,NA,NA,NA,NA,NA,NA,NA,NA,NA,NA,NA,NA,NA,NA,NA,NA,NA,NA
1/9,0,NA,NA,NA,NA,0,NA,NA,NA,NA,1,NA,NA,NA,NA,NA,NA,NA,NA,NA,NA,NA,NA,NA,NA,NA,NA,NA,NA,NA,NA,NA,NA,NA,NA,NA,NA,NA,NA,NA,NA,NA,NA,NA,NA,NA,NA,NA,NA,NA,NA,NA,NA,NA,NA,NA,NA,NA,NA,NA,NA,NA,NA,NA,NA,NA,NA
1/10,0,NA,NA,NA,NA,0,NA,NA,NA,NA,0,NA,NA,NA,NA,NA,NA,NA,NA,NA,NA,NA,NA,NA,NA,NA,NA,NA,NA,NA,NA,NA,NA,NA,NA,NA,NA,NA,NA,NA,NA,NA,NA,NA,NA,NA,NA,NA,NA,NA,NA,NA,NA,NA,NA,NA,NA,NA,NA,NA,NA,NA,NA,NA,NA,NA,NA
1/11,0,NA,NA,NA,NA,0,NA,NA,NA,NA,0,NA,NA,NA,NA,NA,NA,NA,NA,NA,NA,NA,NA,NA,NA,NA,NA,NA,NA,NA,NA,NA,NA,NA,NA,NA,NA,NA,NA,NA,NA,NA,NA,NA,NA,NA,NA,NA,NA,NA,NA,NA,NA,NA,NA,NA,NA,NA,NA,NA,NA,NA,NA,NA,NA,NA,NA
1/12,0,NA,NA,NA,NA,2,NA,NA,NA,NA,0,NA,NA,NA,NA,NA,NA,NA,NA,NA,NA,NA,NA,NA,NA,NA,NA,NA,NA,NA,NA,NA,NA,NA,NA,NA,NA,NA,NA,NA,NA,NA,NA,NA,NA,NA,NA,NA,NA,NA,NA,NA,NA,NA,NA,NA,NA,NA,NA,NA,NA,NA,NA,NA,NA,NA,NA
1/13,2,NA,NA,NA,NA,-1,NA,NA,NA,NA,1,NA,NA,NA,NA,NA,NA,NA,NA,NA,NA,NA,NA,NA,NA,NA,NA,NA,NA,NA,NA,NA,NA,NA,NA,NA,NA,NA,NA,NA,NA,NA,NA,NA,NA,NA,NA,NA,NA,NA,NA,NA,NA,NA,NA,NA,NA,NA,NA,NA,NA,NA,NA,NA,NA,NA,NA
1/14,0,NA,NA,NA,NA,1,NA,NA,NA,NA,1,NA,NA,NA,NA,NA,NA,NA,NA,NA,NA,NA,NA,NA,NA,NA,NA,NA,NA,NA,NA,NA,NA,NA,NA,NA,NA,NA,NA,NA,NA,NA,NA,NA,NA,NA,NA,NA,NA,NA,NA,NA,NA,NA,NA,NA,NA,NA,NA,NA,NA,NA,NA,NA,NA,NA,NA
1/15,0,NA,NA,NA,NA,0,NA,NA,NA,NA,-1,NA,NA,NA,NA,NA,NA,NA,NA,NA,NA,NA,NA,NA,NA,NA,NA,NA,NA,NA,NA,NA,NA,NA,NA,NA,NA,NA,NA,NA,NA,NA,NA,NA,NA,NA,NA,NA,NA,NA,NA,NA,NA,NA,NA,NA,NA,NA,NA,NA,NA,NA,NA,NA,NA,NA,NA
1/16,1,NA,NA,NA,NA,0,NA,NA,NA,NA,1,NA,NA,NA,NA,NA,NA,NA,NA,NA,NA,NA,NA,NA,NA,NA,NA,NA,NA,NA,NA,NA,NA,NA,NA,NA,NA,NA,NA,NA,NA,NA,NA,NA,NA,NA,NA,NA,NA,NA,NA,NA,NA,NA,NA,NA,NA,NA,NA,NA,NA,NA,NA,NA,NA,NA,NA
1/17,0,NA,NA,NA,NA,NA,NA,NA,NA,NA,0,NA,NA,NA,NA,NA,NA,NA,NA,NA,NA,NA,NA,NA,NA,NA,NA,NA,NA,NA,NA,NA,NA,NA,NA,NA,NA,NA,NA,NA,NA,NA,NA,NA,NA,NA,NA,NA,NA,NA,NA,NA,NA,NA,NA,NA,NA,NA,NA,NA,NA,NA,NA,NA,NA,NA,NA
1/18,-2,NA,NA,NA,NA,NA,NA,NA,NA,NA,0,NA,NA,NA,NA,NA,NA,NA,NA,NA,NA,NA,NA,NA,NA,NA,NA,NA,NA,NA,NA,NA,NA,NA,NA,NA,NA,NA,NA,NA,NA,NA,NA,NA,NA,NA,NA,NA,NA,NA,NA,NA,NA,NA,NA,NA,NA,NA,NA,NA,NA,NA,NA,NA,NA,NA,NA
1/19,1,NA,NA,NA,NA,NA,NA,NA,NA,NA,0,NA,NA,NA,NA,NA,NA,NA,NA,NA,NA,NA,NA,NA,NA,NA,NA,NA,NA,NA,NA,NA,NA,NA,NA,NA,NA,NA,NA,NA,NA,NA,NA,NA,NA,NA,NA,NA,NA,NA,NA,NA,NA,NA,NA,NA,NA,NA,NA,NA,NA,NA,NA,NA,NA,NA,NA
1/20,0,NA,NA,NA,NA,NA,NA,NA,NA,NA,0,NA,NA,NA,NA,NA,NA,NA,NA,NA,NA,NA,NA,NA,NA,NA,NA,NA,NA,NA,NA,NA,NA,NA,NA,NA,NA,NA,NA,NA,NA,NA,NA,NA,NA,NA,NA,NA,NA,NA,NA,NA,NA,NA,NA,NA,NA,NA,NA,NA,NA,NA,NA,NA,NA,NA,NA
1/21,0,NA,NA,NA,NA,NA,NA,NA,NA,NA,0,NA,NA,NA,NA,NA,NA,NA,NA,NA,NA,NA,NA,NA,NA,NA,NA,NA,NA,NA,NA,NA,NA,NA,NA,NA,NA,NA,NA,NA,NA,NA,NA,NA,NA,NA,NA,NA,NA,NA,NA,NA,NA,NA,NA,NA,NA,NA,NA,NA,NA,NA,NA,NA,NA,NA,NA
1/22,0,NA,NA,NA,NA,NA,NA,NA,NA,NA,0,NA,NA,NA,NA,NA,NA,NA,NA,NA,NA,NA,NA,NA,NA,NA,NA,NA,NA,NA,NA,NA,NA,NA,NA,NA,NA,NA,NA,NA,NA,NA,NA,NA,NA,NA,NA,NA,NA,NA,NA,NA,NA,NA,NA,NA,NA,NA,NA,NA,NA,NA,NA,NA,NA,NA,NA
1/23,0,NA,NA,NA,NA,NA,NA,NA,NA,NA,0,NA,NA,NA,NA,NA,NA,NA,NA,NA,NA,NA,NA,NA,NA,NA,NA,NA,NA,NA,NA,NA,NA,NA,NA,NA,NA,NA,NA,NA,NA,NA,NA,NA,NA,NA,NA,NA,NA,NA,NA,NA,NA,NA,NA,NA,NA,NA,NA,NA,NA,NA,NA,NA,NA,NA,NA
1/24,0,NA,NA,NA,NA,NA,NA,NA,NA,NA,0,NA,NA,NA,NA,NA,NA,NA,NA,NA,NA,NA,NA,NA,NA,NA,NA,NA,NA,NA,NA,NA,NA,NA,NA,NA,NA,NA,NA,NA,NA,NA,NA,NA,NA,NA,NA,NA,NA,NA,NA,NA,NA,NA,NA,NA,NA,NA,NA,NA,NA,NA,NA,NA,NA,NA,NA
1/25,0,NA,NA,NA,NA,NA,NA,NA,NA,NA,0,NA,NA,NA,NA,NA,NA,NA,NA,NA,NA,NA,NA,NA,NA,NA,NA,NA,NA,NA,NA,NA,NA,NA,NA,NA,NA,NA,NA,NA,NA,NA,NA,NA,NA,NA,NA,NA,NA,NA,NA,NA,NA,NA,NA,NA,NA,NA,NA,NA,NA,NA,NA,NA,NA,NA,NA
1/26,0,NA,NA,NA,NA,NA,NA,NA,NA,NA,0,NA,NA,NA,NA,NA,NA,NA,NA,NA,NA,NA,NA,NA,NA,NA,NA,NA,NA,NA,NA,NA,NA,NA,NA,NA,NA,NA,NA,NA,NA,NA,NA,NA,NA,NA,NA,NA,NA,NA,NA,NA,NA,NA,NA,NA,NA,NA,NA,NA,NA,NA,NA,NA,NA,NA,NA
1/27,0,NA,NA,NA,NA,NA,NA,NA,NA,NA,1,NA,NA,NA,NA,NA,NA,NA,NA,NA,NA,NA,NA,NA,NA,NA,NA,NA,NA,NA,NA,NA,NA,NA,NA,NA,NA,NA,NA,NA,NA,NA,NA,NA,NA,NA,NA,NA,NA,NA,NA,NA,NA,NA,NA,NA,NA,NA,NA,NA,NA,NA,NA,NA,NA,NA,NA
1/28,0,NA,NA,NA,NA,NA,NA,NA,NA,NA,0,NA,NA,NA,NA,NA,NA,NA,NA,NA,NA,NA,NA,NA,NA,NA,NA,NA,NA,NA,NA,NA,NA,NA,NA,NA,NA,NA,NA,NA,NA,NA,NA,NA,NA,NA,NA,NA,NA,NA,NA,NA,NA,NA,NA,NA,NA,NA,NA,NA,NA,NA,NA,NA,NA,NA,NA
1/29,0,NA,NA,NA,NA,NA,NA,NA,NA,NA,0,NA,NA,NA,NA,NA,NA,NA,NA,NA,NA,NA,NA,NA,NA,NA,NA,NA,NA,NA,NA,NA,NA,NA,NA,NA,NA,NA,NA,NA,NA,NA,NA,NA,NA,NA,NA,NA,NA,NA,NA,NA,NA,NA,NA,NA,NA,NA,NA,NA,NA,NA,NA,NA,NA,NA,NA
1/30,0,NA,NA,NA,NA,NA,NA,NA,NA,NA,0,NA,NA,NA,NA,NA,NA,NA,NA,NA,NA,NA,NA,NA,NA,NA,NA,NA,NA,NA,NA,NA,NA,NA,NA,NA,NA,NA,NA,NA,NA,NA,NA,NA,NA,NA,NA,NA,NA,NA,NA,NA,NA,NA,NA,NA,NA,NA,NA,NA,NA,NA,NA,NA,NA,NA,NA
1/31,0,NA,NA,NA,NA,0,NA,NA,NA,NA,0,NA,NA,NA,NA,NA,NA,NA,NA,NA,NA,NA,NA,NA,NA,NA,NA,NA,NA,NA,NA,NA,NA,NA,NA,NA,NA,NA,NA,NA,NA,NA,NA,NA,NA,NA,NA,NA,NA,NA,NA,NA,NA,NA,NA,NA,NA,NA,NA,NA,NA,NA,NA,NA,NA,NA,NA
2/1,0,NA,NA,NA,NA,0,NA,NA,NA,NA,0,NA,NA,NA,NA,NA,NA,NA,NA,NA,NA,NA,NA,NA,NA,NA,NA,NA,NA,NA,NA,NA,NA,NA,NA,NA,NA,NA,NA,NA,NA,NA,NA,NA,NA,NA,NA,NA,NA,NA,NA,NA,NA,NA,NA,NA,NA,NA,NA,NA,NA,NA,NA,NA,NA,NA,NA
2/2,0,NA,NA,NA,NA,0,NA,NA,NA,NA,0,NA,NA,NA,NA,NA,NA,NA,NA,NA,NA,NA,NA,NA,NA,NA,NA,NA,NA,NA,NA,NA,NA,NA,NA,NA,NA,NA,NA,NA,NA,NA,NA,NA,NA,NA,NA,NA,NA,NA,NA,NA,NA,NA,NA,NA,NA,NA,NA,NA,NA,NA,NA,NA,NA,NA,NA
2/3,0,NA,NA,NA,NA,0,NA,NA,NA,NA,0,NA,NA,NA,NA,NA,NA,NA,NA,NA,NA,NA,NA,NA,NA,NA,NA,NA,NA,NA,NA,NA,NA,NA,NA,NA,NA,NA,NA,NA,NA,NA,NA,NA,NA,NA,NA,NA,NA,NA,NA,NA,NA,NA,NA,NA,NA,NA,NA,NA,NA,NA,NA,NA,NA,NA,NA
2/4,0,NA,NA,NA,NA,0,NA,NA,NA,NA,NA,NA,NA,NA,NA,NA,NA,NA,NA,NA,NA,NA,NA,NA,NA,NA,NA,NA,NA,NA,NA,NA,NA,NA,NA,NA,NA,NA,NA,NA,NA,NA,NA,NA,NA,NA,NA,NA,NA,NA,NA,NA,NA,NA,NA,NA,NA,NA,NA,NA,NA,NA,NA,NA,NA,NA,NA
2/5,0,NA,NA,NA,NA,0,NA,NA,NA,NA,NA,NA,NA,NA,NA,NA,NA,NA,NA,NA,NA,NA,NA,NA,NA,NA,NA,NA,NA,NA,NA,NA,NA,NA,NA,NA,NA,NA,NA,NA,NA,NA,NA,NA,NA,NA,NA,NA,NA,NA,NA,NA,NA,NA,NA,NA,NA,NA,NA,NA,NA,NA,NA,NA,NA,NA,NA
2/6,0,NA,NA,NA,NA,0,NA,NA,NA,NA,NA,NA,NA,NA,NA,NA,NA,NA,NA,NA,NA,NA,NA,NA,NA,NA,NA,NA,NA,NA,NA,NA,NA,NA,NA,NA,NA,NA,NA,NA,NA,NA,NA,NA,NA,NA,NA,NA,NA,NA,NA,NA,NA,NA,NA,NA,NA,NA,NA,NA,NA,NA,NA,NA,NA,NA,NA
2/7,0,NA,NA,NA,NA,1,NA,NA,NA,NA,NA,NA,NA,NA,NA,NA,NA,NA,NA,NA,NA,NA,NA,NA,NA,NA,NA,NA,NA,NA,NA,NA,NA,NA,NA,NA,NA,NA,NA,NA,NA,NA,NA,NA,NA,NA,NA,NA,NA,NA,NA,NA,NA,NA,NA,NA,NA,NA,NA,NA,NA,NA,NA,NA,NA,NA,NA
2/8,0,NA,NA,NA,NA,0,NA,NA,NA,NA,NA,NA,NA,NA,NA,NA,NA,NA,NA,NA,NA,NA,NA,NA,NA,NA,NA,NA,NA,NA,NA,NA,NA,NA,NA,NA,NA,NA,NA,NA,NA,NA,NA,NA,NA,NA,NA,NA,NA,NA,NA,NA,NA,NA,NA,NA,NA,NA,NA,NA,NA,NA,NA,NA,NA,NA,NA
2/9,0,NA,NA,NA,NA,0,NA,NA,NA,NA,NA,NA,NA,NA,NA,NA,NA,NA,NA,NA,NA,NA,NA,NA,NA,NA,NA,NA,NA,NA,NA,NA,NA,NA,NA,NA,NA,NA,NA,NA,NA,NA,NA,NA,NA,NA,NA,NA,NA,NA,NA,NA,NA,NA,NA,NA,NA,NA,NA,NA,NA,NA,NA,NA,NA,NA,NA
2/10,-1,NA,NA,NA,NA,0,NA,NA,NA,NA,NA,NA,NA,NA,NA,NA,NA,NA,NA,NA,NA,NA,NA,NA,NA,NA,NA,NA,NA,NA,NA,NA,NA,NA,NA,NA,NA,NA,NA,NA,NA,NA,NA,NA,NA,NA,NA,NA,NA,NA,NA,NA,NA,NA,NA,NA,NA,NA,NA,NA,NA,NA,NA,NA,NA,NA,NA
2/11,0,NA,NA,NA,NA,0,NA,NA,NA,NA,NA,NA,NA,NA,NA,NA,NA,NA,NA,NA,NA,NA,NA,NA,NA,NA,NA,NA,NA,NA,NA,NA,NA,NA,NA,NA,NA,NA,NA,NA,NA,NA,NA,NA,NA,NA,NA,NA,NA,NA,NA,NA,NA,NA,NA,NA,NA,NA,NA,NA,NA,NA,NA,NA,NA,NA,NA
2/12,0,NA,NA,NA,NA,1,NA,NA,NA,NA,0,NA,NA,NA,NA,NA,NA,NA,NA,NA,NA,NA,NA,NA,NA,NA,NA,NA,NA,NA,NA,NA,NA,NA,NA,NA,NA,NA,NA,NA,NA,NA,NA,NA,NA,NA,NA,NA,NA,NA,NA,NA,NA,NA,NA,NA,NA,NA,NA,NA,NA,NA,NA,NA,NA,NA,NA
2/13,0,NA,NA,NA,NA,2,NA,NA,NA,NA,0,NA,NA,NA,NA,NA,NA,NA,NA,NA,NA,NA,NA,NA,NA,NA,NA,NA,NA,NA,NA,NA,NA,NA,NA,NA,NA,NA,NA,NA,NA,NA,NA,NA,NA,NA,NA,NA,NA,NA,NA,NA,NA,NA,NA,NA,NA,NA,NA,NA,NA,NA,NA,NA,NA,NA,NA
2/14,0,NA,NA,NA,NA,0,NA,NA,NA,NA,0,NA,NA,NA,NA,NA,NA,NA,NA,NA,NA,NA,NA,NA,NA,NA,NA,NA,NA,NA,NA,NA,NA,NA,NA,NA,NA,NA,NA,NA,NA,NA,NA,NA,NA,NA,NA,NA,NA,NA,NA,NA,NA,NA,NA,NA,NA,NA,NA,NA,NA,NA,NA,NA,NA,NA,NA
2/15,0,NA,NA,NA,NA,0,NA,NA,NA,NA,0,NA,NA,NA,NA,NA,NA,NA,NA,NA,NA,NA,NA,NA,NA,NA,NA,NA,NA,NA,NA,NA,NA,NA,NA,NA,NA,NA,NA,NA,NA,NA,NA,NA,NA,NA,NA,NA,NA,NA,NA,NA,NA,NA,NA,NA,NA,NA,NA,NA,NA,NA,NA,NA,NA,NA,NA
2/16,0,NA,NA,NA,NA,0,NA,NA,NA,NA,0,NA,NA,NA,NA,NA,NA,NA,NA,NA,NA,NA,NA,NA,NA,NA,NA,NA,NA,NA,NA,NA,NA,NA,NA,NA,NA,NA,NA,NA,NA,NA,NA,NA,NA,NA,NA,NA,NA,NA,NA,NA,NA,NA,NA,NA,NA,NA,NA,NA,NA,NA,NA,NA,NA,NA,NA
2/17,0,NA,NA,NA,NA,0,NA,NA,NA,NA,0,NA,NA,NA,NA,NA,NA,NA,NA,NA,NA,NA,NA,NA,NA,NA,NA,NA,NA,NA,NA,NA,NA,NA,NA,NA,NA,NA,NA,NA,NA,NA,NA,NA,NA,NA,NA,NA,NA,NA,NA,NA,NA,NA,NA,NA,NA,NA,NA,NA,NA,NA,NA,NA,NA,NA,NA
2/18,0,NA,NA,NA,NA,0,NA,NA,NA,NA,1,NA,NA,NA,NA,NA,NA,NA,NA,NA,NA,NA,NA,NA,NA,NA,NA,NA,NA,NA,NA,NA,NA,NA,NA,NA,NA,NA,NA,NA,NA,NA,NA,NA,NA,NA,NA,NA,NA,NA,NA,NA,NA,NA,NA,NA,NA,NA,NA,NA,NA,NA,NA,NA,NA,NA,NA
2/19,2,NA,NA,NA,NA,0,NA,NA,NA,NA,0,NA,NA,NA,NA,NA,NA,NA,NA,NA,NA,NA,NA,NA,NA,NA,NA,NA,NA,NA,NA,NA,NA,NA,NA,NA,NA,NA,NA,NA,NA,NA,NA,NA,NA,NA,NA,NA,NA,NA,NA,NA,NA,NA,NA,NA,NA,NA,NA,NA,NA,NA,NA,NA,NA,NA,NA
2/20,0,NA,NA,NA,NA,0,NA,NA,NA,NA,0,NA,NA,NA,NA,NA,0,0,NA,0,NA,NA,NA,NA,NA,NA,NA,NA,NA,NA,NA,NA,NA,NA,NA,NA,NA,NA,NA,NA,NA,NA,NA,NA,NA,NA,NA,NA,NA,NA,NA,NA,NA,NA,NA,NA,NA,NA,NA,NA,NA,NA,NA,NA,NA,NA,NA
2/21,1,NA,NA,NA,NA,0,NA,NA,NA,NA,0,NA,NA,NA,NA,NA,0,0,NA,0,NA,NA,NA,NA,NA,NA,NA,NA,NA,NA,NA,NA,NA,NA,NA,NA,NA,NA,NA,NA,NA,NA,NA,NA,NA,NA,NA,NA,NA,NA,NA,NA,NA,NA,NA,NA,NA,NA,NA,NA,NA,NA,NA,NA,NA,NA,NA
2/22,0,NA,NA,NA,NA,0,NA,NA,NA,NA,0,NA,NA,NA,NA,NA,0,0,0,0,NA,NA,NA,NA,NA,NA,NA,NA,NA,NA,NA,NA,NA,NA,NA,NA,NA,NA,NA,NA,NA,NA,NA,NA,NA,NA,NA,NA,NA,NA,NA,NA,NA,NA,NA,NA,NA,NA,NA,NA,NA,NA,NA,NA,NA,NA,NA
2/23,0,NA,NA,NA,NA,0,NA,NA,NA,NA,0,NA,NA,NA,NA,NA,0,0,0,0,NA,NA,NA,NA,NA,NA,NA,NA,NA,NA,NA,NA,NA,NA,NA,NA,NA,NA,NA,NA,NA,NA,NA,NA,NA,NA,NA,NA,NA,NA,NA,NA,NA,NA,NA,NA,NA,NA,NA,NA,NA,NA,NA,NA,NA,NA,NA
2/24,0,NA,NA,NA,NA,0,NA,NA,NA,NA,0,NA,NA,NA,NA,NA,0,0,0,0,NA,NA,NA,NA,NA,NA,NA,NA,NA,NA,NA,NA,NA,NA,NA,NA,NA,NA,NA,NA,NA,NA,NA,NA,NA,NA,NA,NA,NA,NA,NA,NA,NA,NA,NA,NA,NA,NA,NA,NA,NA,NA,NA,NA,NA,NA,NA
2/25,0,NA,NA,NA,NA,0,NA,NA,NA,NA,1,NA,NA,NA,NA,NA,0,0,0,0,0,NA,NA,NA,NA,NA,NA,NA,NA,NA,NA,NA,NA,NA,NA,NA,NA,NA,NA,NA,NA,NA,NA,NA,NA,NA,NA,NA,NA,NA,NA,NA,NA,NA,NA,NA,NA,NA,NA,NA,NA,NA,NA,NA,NA,NA,NA
2/26,0,NA,NA,NA,NA,NA,NA,NA,NA,NA,0,NA,NA,NA,NA,NA,0,0,0,0,0,NA,NA,NA,NA,NA,NA,NA,NA,NA,NA,NA,NA,NA,NA,NA,NA,NA,NA,NA,NA,NA,NA,NA,NA,NA,NA,NA,NA,NA,NA,NA,NA,NA,NA,NA,NA,NA,NA,NA,NA,NA,NA,NA,NA,NA,NA
2/27,0,NA,NA,NA,NA,0,NA,NA,NA,NA,0,NA,NA,NA,NA,NA,0,0,1,0,0,NA,NA,NA,NA,NA,NA,NA,NA,NA,NA,NA,NA,NA,NA,NA,NA,NA,NA,NA,NA,NA,NA,NA,NA,NA,NA,NA,NA,NA,NA,NA,NA,NA,NA,NA,NA,0,NA,NA,NA,NA,NA,NA,NA,NA,NA
2/28,0,NA,NA,NA,NA,0,NA,NA,NA,NA,0,NA,NA,NA,NA,NA,1,0,0,0,0,NA,NA,NA,NA,NA,NA,NA,NA,NA,NA,NA,NA,NA,NA,NA,NA,NA,NA,NA,NA,NA,NA,NA,NA,NA,NA,NA,NA,NA,NA,NA,NA,NA,NA,NA,NA,0,NA,NA,NA,NA,NA,NA,NA,NA,NA
2/29,NA,NA,NA,NA,NA,NA,NA,NA,NA,NA,NA,NA,NA,NA,NA,NA,NA,NA,NA,0,NA,NA,NA,NA,NA,NA,NA,NA,NA,NA,NA,NA,NA,NA,NA,NA,NA,NA,NA,NA,NA,NA,NA,NA,NA,NA,NA,NA,NA,NA,NA,NA,NA,NA,NA,NA,NA,NA,NA,NA,NA,NA,NA,NA,NA,NA,NA
3/1,NA,0,NA,NA,NA,NA,0,NA,NA,NA,NA,0,NA,NA,NA,NA,0,0,1,0,1,NA,NA,NA,NA,NA,NA,NA,NA,NA,NA,NA,NA,0,NA,NA,NA,NA,NA,NA,NA,NA,NA,NA,NA,NA,NA,NA,NA,NA,NA,NA,NA,NA,NA,NA,NA,0,NA,NA,NA,NA,NA,NA,NA,NA,NA
3/2,NA,0,NA,NA,NA,NA,0,NA,NA,NA,NA,0,NA,NA,NA,NA,0,0,0,1,6,NA,NA,NA,NA,NA,NA,NA,NA,NA,NA,NA,NA,0,NA,NA,NA,NA,NA,NA,NA,NA,NA,NA,NA,NA,NA,NA,NA,NA,NA,NA,NA,NA,NA,NA,NA,0,NA,NA,NA,NA,NA,NA,NA,NA,NA
3/3,NA,0,NA,NA,NA,NA,0,NA,NA,NA,NA,0,NA,NA,NA,NA,1,0,0,0,0,NA,NA,NA,NA,NA,NA,NA,NA,NA,NA,NA,NA,0,NA,NA,NA,NA,NA,NA,NA,NA,NA,NA,NA,NA,NA,NA,NA,NA,NA,NA,NA,NA,NA,NA,NA,0,NA,NA,NA,NA,NA,NA,NA,NA,NA
3/4,NA,0,NA,NA,NA,NA,0,NA,NA,NA,NA,0,NA,NA,NA,NA,0,0,1,0,6,NA,NA,NA,NA,NA,NA,NA,NA,NA,NA,NA,NA,0,NA,NA,NA,0,NA,NA,NA,NA,NA,NA,NA,NA,NA,NA,NA,NA,NA,NA,NA,NA,NA,NA,NA,1,NA,NA,NA,NA,NA,NA,NA,NA,NA
3/5,NA,0,NA,NA,NA,NA,0,NA,NA,NA,NA,0,NA,NA,NA,NA,1,0,1,1,10,NA,NA,NA,NA,NA,NA,NA,NA,NA,NA,NA,NA,1,NA,NA,NA,0,NA,NA,NA,NA,NA,NA,NA,NA,NA,NA,NA,NA,NA,NA,NA,NA,NA,NA,NA,0,NA,NA,NA,NA,NA,NA,NA,NA,NA
3/6,NA,0,NA,NA,NA,NA,0,NA,NA,NA,NA,0,NA,NA,NA,NA,0,0,0,0,17,NA,NA,NA,NA,NA,NA,NA,NA,NA,NA,NA,NA,0,NA,NA,NA,0,NA,NA,NA,NA,NA,NA,NA,NA,NA,NA,NA,NA,NA,NA,NA,NA,NA,NA,NA,0,NA,NA,NA,NA,NA,NA,NA,NA,NA
3/7,NA,0,NA,NA,NA,NA,4,NA,NA,NA,NA,0,NA,NA,NA,NA,0,0,0,0,42,NA,NA,NA,NA,NA,NA,NA,NA,NA,NA,NA,NA,0,NA,NA,NA,0,NA,NA,NA,NA,NA,NA,NA,NA,NA,NA,NA,NA,NA,NA,NA,NA,NA,NA,NA,0,NA,NA,NA,NA,NA,NA,NA,NA,NA
3/8,NA,0,NA,NA,NA,NA,1,NA,NA,NA,NA,0,NA,NA,NA,NA,0,0,0,1,17,NA,NA,NA,NA,NA,NA,NA,NA,NA,NA,NA,NA,0,NA,NA,NA,0,NA,NA,NA,NA,NA,NA,NA,NA,NA,NA,NA,NA,NA,NA,NA,NA,NA,NA,NA,0,NA,NA,NA,NA,NA,NA,NA,NA,NA
3/9,NA,0,NA,NA,NA,NA,0,NA,NA,NA,NA,0,NA,NA,NA,NA,2,0,0,0,39,NA,NA,NA,NA,NA,NA,NA,NA,NA,NA,NA,NA,0,NA,NA,NA,1,NA,NA,NA,NA,NA,NA,NA,NA,NA,NA,NA,NA,NA,NA,NA,NA,NA,NA,NA,0,NA,NA,NA,NA,NA,NA,NA,0,NA
3/10,NA,0,NA,NA,NA,NA,0,NA,NA,NA,NA,1,NA,NA,NA,NA,1,0,1,8,26,NA,NA,NA,NA,NA,NA,NA,NA,NA,NA,NA,NA,1,NA,NA,NA,0,NA,NA,NA,NA,NA,NA,NA,NA,NA,NA,NA,NA,NA,NA,NA,NA,NA,NA,NA,0,NA,NA,NA,NA,NA,NA,NA,0,NA
3/11,NA,0,NA,NA,NA,NA,1,NA,NA,NA,NA,1,NA,NA,NA,NA,0,0,1,7,21,NA,NA,NA,NA,NA,NA,NA,NA,NA,NA,NA,NA,1,NA,NA,NA,2,NA,NA,NA,NA,NA,NA,NA,NA,NA,NA,NA,NA,NA,NA,NA,NA,NA,NA,NA,0,NA,NA,NA,NA,NA,NA,NA,0,NA
3/12,NA,0,NA,NA,NA,NA,0,NA,NA,NA,NA,1,NA,NA,NA,NA,3,0,0,7,43,NA,NA,NA,NA,NA,NA,NA,NA,NA,NA,NA,NA,0,NA,NA,NA,0,NA,NA,NA,NA,NA,NA,NA,NA,NA,NA,NA,NA,NA,NA,NA,NA,NA,NA,NA,0,NA,NA,NA,NA,NA,NA,NA,0,NA
3/13,NA,0,NA,NA,NA,NA,0,NA,NA,NA,NA,0,NA,NA,NA,NA,1,0,2,4,27,NA,NA,NA,NA,NA,NA,NA,NA,NA,NA,NA,NA,0,NA,NA,NA,0,NA,NA,NA,NA,NA,NA,NA,NA,NA,NA,NA,NA,NA,NA,NA,NA,NA,NA,NA,0,NA,NA,NA,NA,NA,NA,NA,0,NA
3/14,NA,3,NA,NA,NA,NA,0,NA,NA,NA,NA,1,NA,NA,NA,NA,1,0,2,7,197,NA,NA,NA,NA,NA,NA,NA,NA,NA,NA,NA,NA,0,NA,NA,NA,0,NA,NA,NA,NA,NA,NA,NA,NA,NA,NA,NA,NA,NA,NA,NA,NA,NA,NA,NA,0,NA,NA,NA,NA,NA,NA,NA,1,NA
3/15,NA,1,NA,NA,NA,NA,0,NA,NA,NA,NA,1,NA,NA,NA,NA,0,0,2,15,166,NA,NA,NA,NA,NA,NA,NA,NA,NA,NA,NA,NA,1,NA,NA,NA,1,NA,NA,NA,NA,NA,NA,NA,NA,NA,NA,NA,NA,NA,NA,NA,NA,NA,NA,NA,1,NA,NA,NA,NA,NA,NA,NA,1,NA
3/16,NA,1,NA,NA,NA,NA,1,NA,NA,NA,NA,1,NA,NA,NA,NA,0,0,2,10,457,NA,NA,NA,NA,NA,NA,NA,NA,NA,NA,NA,NA,0,NA,NA,NA,0,NA,NA,NA,NA,NA,NA,NA,NA,NA,NA,NA,NA,NA,NA,NA,NA,NA,NA,NA,2,NA,NA,NA,NA,NA,NA,NA,2,NA
3/17,NA,0,NA,NA,NA,NA,0,NA,NA,NA,NA,0,NA,NA,NA,NA,1,0,5,0,173,NA,NA,NA,NA,NA,NA,NA,NA,NA,NA,NA,NA,0,NA,NA,NA,0,NA,NA,NA,NA,NA,NA,NA,NA,NA,NA,NA,NA,NA,NA,NA,NA,NA,NA,NA,4,NA,NA,NA,NA,NA,NA,NA,1,2
3/18,NA,1,NA,NA,NA,NA,0,NA,NA,NA,NA,2,NA,NA,NA,NA,2,0,1,10,184,NA,NA,NA,NA,NA,NA,NA,NA,NA,NA,NA,NA,1,NA,NA,NA,0,NA,NA,NA,NA,NA,NA,NA,NA,NA,NA,NA,NA,NA,NA,NA,NA,NA,NA,NA,21,NA,NA,NA,NA,NA,NA,NA,1,1
3/19,NA,3,NA,NA,NA,NA,1,NA,NA,NA,NA,1,NA,NA,NA,NA,2,0,1,17,265,NA,NA,NA,NA,NA,NA,NA,NA,NA,NA,NA,NA,0,NA,NA,NA,0,NA,NA,NA,NA,NA,NA,NA,NA,NA,NA,NA,NA,NA,NA,NA,NA,NA,NA,NA,23,NA,NA,NA,NA,NA,NA,NA,3,0
3/20,NA,2,NA,NA,NA,NA,0,NA,NA,NA,NA,1,NA,NA,NA,NA,1,0,1,18,265,NA,NA,NA,NA,NA,NA,NA,NA,NA,NA,NA,NA,0,NA,NA,NA,0,NA,NA,NA,NA,NA,NA,NA,NA,NA,NA,NA,NA,NA,NA,NA,NA,NA,NA,NA,29,NA,NA,NA,NA,NA,NA,NA,5,0
3/21,NA,4,NA,NA,NA,NA,0,NA,NA,NA,NA,3,NA,NA,NA,NA,2,0,1,3,303,NA,NA,NA,NA,NA,NA,NA,NA,NA,NA,NA,NA,0,NA,NA,NA,0,NA,NA,NA,NA,NA,NA,NA,NA,NA,NA,NA,NA,NA,NA,NA,NA,NA,NA,NA,21,NA,NA,NA,NA,NA,NA,NA,1,0
3/22,NA,7,NA,NA,NA,NA,0,NA,NA,NA,NA,1,NA,NA,NA,NA,-1,0,2,7,525,NA,NA,NA,NA,NA,NA,NA,NA,NA,NA,NA,NA,0,NA,NA,NA,0,NA,NA,NA,NA,NA,NA,NA,NA,NA,NA,NA,NA,NA,NA,NA,NA,NA,NA,NA,5,NA,NA,NA,NA,NA,NA,NA,0,0
3/23,NA,6,NA,NA,NA,NA,0,NA,NA,NA,NA,1,NA,NA,NA,NA,1,0,1,14,233,NA,NA,NA,NA,NA,NA,NA,NA,NA,NA,NA,NA,0,NA,NA,NA,0,NA,NA,NA,NA,NA,NA,NA,NA,NA,NA,NA,NA,NA,NA,NA,NA,NA,NA,NA,34,NA,NA,NA,NA,NA,NA,NA,2,2
3/24,NA,13,NA,NA,NA,NA,0,NA,NA,NA,NA,0,NA,NA,NA,NA,2,2,3,14,125,NA,NA,NA,NA,NA,NA,NA,NA,NA,NA,NA,NA,1,NA,NA,NA,1,NA,NA,NA,NA,NA,NA,NA,NA,NA,NA,NA,NA,NA,NA,NA,NA,NA,NA,NA,25,NA,NA,NA,NA,NA,NA,NA,1,1
3/25,NA,20,NA,NA,NA,NA,0,NA,NA,NA,NA,0,NA,NA,NA,NA,4,0,3,13,782,NA,NA,NA,NA,NA,NA,NA,NA,NA,NA,NA,NA,6,NA,NA,NA,4,NA,NA,NA,NA,NA,NA,NA,NA,NA,NA,NA,NA,NA,NA,NA,NA,NA,NA,NA,53,NA,NA,NA,NA,NA,NA,NA,1,1
3/26,NA,33,NA,NA,NA,NA,2,NA,NA,NA,NA,0,NA,NA,NA,NA,1,0,2,16,317,NA,NA,NA,NA,NA,NA,NA,NA,NA,NA,NA,NA,6,NA,NA,NA,2,NA,NA,NA,NA,NA,NA,NA,NA,NA,NA,NA,NA,NA,NA,NA,NA,NA,NA,NA,80,NA,NA,NA,NA,NA,NA,NA,1,0
3/27,NA,24,NA,NA,NA,NA,0,NA,NA,NA,NA,0,NA,NA,NA,NA,3,1,1,0,55,NA,NA,NA,NA,NA,NA,NA,NA,NA,NA,NA,NA,6,NA,NA,NA,5,NA,NA,NA,NA,NA,NA,NA,NA,NA,NA,NA,NA,NA,NA,NA,NA,NA,NA,NA,88,NA,NA,NA,NA,NA,NA,NA,5,0
3/28,NA,28,NA,NA,NA,NA,1,NA,NA,NA,NA,0,NA,NA,NA,NA,3,0,1,1,105,NA,NA,NA,NA,NA,NA,NA,NA,NA,NA,NA,NA,11,NA,NA,NA,7,NA,NA,NA,NA,NA,NA,NA,NA,NA,NA,NA,NA,NA,NA,NA,NA,NA,NA,NA,111,34,NA,NA,NA,NA,NA,NA,10,1
3/29,NA,31,NA,NA,NA,NA,1,NA,NA,NA,NA,1,NA,NA,NA,NA,2,2,3,19,548,NA,NA,NA,NA,NA,NA,NA,NA,NA,NA,NA,NA,17,NA,NA,NA,7,NA,NA,NA,NA,NA,NA,NA,NA,NA,NA,NA,NA,NA,NA,NA,NA,NA,NA,NA,120,30,122,NA,NA,NA,NA,NA,42,0
3/30,NA,79,NA,NA,NA,NA,0,NA,NA,NA,NA,0,NA,NA,NA,NA,13,1,3,12,1093,NA,NA,NA,NA,NA,NA,NA,NA,NA,NA,NA,NA,7,NA,NA,NA,113,NA,NA,NA,NA,NA,NA,NA,NA,NA,NA,NA,NA,NA,NA,NA,NA,NA,NA,NA,192,61,106,NA,NA,NA,NA,NA,20,4
3/31,NA,93,NA,NA,NA,NA,0,NA,NA,NA,NA,0,NA,NA,NA,NA,5,3,3,0,1162,NA,NA,NA,NA,NA,NA,NA,NA,NA,NA,NA,NA,56,NA,NA,NA,31,NA,NA,NA,NA,NA,NA,NA,NA,NA,NA,NA,NA,NA,NA,NA,NA,NA,100,NA,258,65,112,NA,NA,NA,NA,8,17,10
4/1,5,79,9,3,0,1,2,21,49,32,13,1,6,42,10,7,3,9,0,29,1017,323,1670,155,1,13,4,4,8,39,8,324,79,210,2,679,203,118,121,31,17,16,21,21,23,135,382,6,0,27,298,0,11,NA,17,55,NA,317,81,180,206,66,0,NA,6,14,5
4/2,19,80,3,3,6,2,2,30,91,114,42,1,10,36,13,13,1,4,2,45,2320,192,1875,515,2,24,17,23,5,52,19,392,27,97,5,630,691,92,177,27,6,52,54,21,21,102,425,6,5,21,252,0,40,NA,22,94,128,490,137,204,157,152,0,NA,12,7,0
4/3,9,120,8,1,2,4,1,51,63,36,14,0,10,90,22,14,0,1,7,23,3057,130,2047,554,12,98,4,8,7,50,15,621,53,166,1,369,1088,84,260,32,14,31,79,29,20,124,752,3,13,22,428,6,45,NA,22,171,29,280,105,130,131,136,0,NA,15,8,1
4/4,17,67,10,12,0,0,0,45,91,74,34,1,11,131,19,32,4,4,0,53,1680,165,1409,1187,8,130,19,6,36,28,27,631,136,164,3,726,448,126,224,47,6,27,139,36,23,346,1533,19,14,25,507,17,51,NA,24,153,245,412,168,125,223,66,121,NA,4,4,11
4/5,24,48,11,4,7,1,1,54,138,48,26,4,12,142,20,32,2,8,6,81,699,244,1897,302,13,125,13,18,38,31,37,686,180,397,13,666,497,134,370,46,15,31,217,80,44,478,1667,25,13,25,762,7,91,1157,45,199,322,808,174,103,276,18,159,10,13,10,17
4/6,17,42,4,3,7,5,1,66,143,74,48,1,6,139,24,43,1,2,13,138,782,427,5576,309,6,152,46,6,30,94,56,460,230,314,20,787,511,299,345,68,29,64,167,52,87,357,1936,49,42,64,1743,24,112,645,148,175,490,865,313,400,338,17,298,23,42,31,11
4/7,31,33,9,5,13,2,5,103,179,94,44,4,13,144,26,53,2,4,5,237,1807,217,4646,1043,6,158,63,21,34,57,45,557,169,640,40,1001,795,282,715,90,8,78,230,58,104,327,1667,143,59,69,2419,64,119,1384,78,119,562,823,827,888,354,48,347,24,8,33,12
4/8,54,41,24,17,10,6,1,90,200,72,82,5,14,143,18,79,8,7,11,240,3649,597,10519,960,6,110,123,22,54,47,67,620,355,1059,76,994,986,629,860,187,63,54,294,77,92,562,2096,110,77,87,2175,138,117,840,49,203,660,1061,526,942,289,133,876,13,20,35,8
4/9,35,31,23,13,4,7,6,137,358,92,29,2,12,234,60,72,16,13,20,355,3639,527,5401,1615,10,177,91,43,48,85,74,996,215,485,58,2098,1134,1008,1107,162,60,81,341,33,132,620,2347,141,141,64,1774,164,116,1057,39,329,1591,1100,836,675,322,302,1104,52,23,43,5
4/10,47,63,37,23,2,4,11,211,294,101,46,7,14,517,34,57,18,5,8,490,1730,761,4787,1063,16,127,120,43,88,47,131,1203,173,482,130,1436,814,1395,1099,168,52,119,501,16,122,892,2132,131,109,62,1359,181,180,1845,64,921,696,1694,1339,1143,180,351,707,51,41,42,38
4/11,27,49,24,34,2,4,10,174,579,139,106,5,7,1133,53,111,10,5,18,821,2320,659,5304,1148,24,571,166,14,114,78,220,1233,228,370,193,2208,1322,1245,997,104,63,151,647,178,293,1173,2292,338,159,74,1542,232,234,2315,104,771,666,1799,925,1224,260,418,700,71,40,79,43
4/12,35,48,16,41,1,1,8,213,563,204,48,6,17,2126,30,204,44,2,10,709,4070,755,7821,1797,30,520,988,49,49,108,288,1569,212,767,222,885,1088,2204,595,101,154,244,574,174,226,1466,2455,548,203,59,2206,333,111,2347,229,855,1315,2355,930,956,400,294,706,91,69,142,27
4/13,18,44,51,53,3,6,10,207,959,149,37,10,29,1147,61,1115,81,5,13,785,5147,658,10817,1778,66,287,1404,92,112,172,391,1605,358,1112,343,1183,1516,2061,1553,126,137,234,645,178,469,2153,2901,270,345,61,2092,331,114,1508,228,904,2506,2678,926,900,793,370,1181,83,82,362,72
4/14,15,60,46,70,6,2,14,141,936,310,59,11,37,1237,65,1314,111,2,43,1089,4238,1018,12877,1508,71,343,506,131,122,120,434,1627,469,2830,467,1462,1561,1046,1213,138,164,183,1141,301,736,1833,2455,300,706,145,5080,425,151,1553,237,775,978,1241,606,428,619,368,1018,122,102,228,165
4/15,19,38,42,51,1,3,12,146,899,596,60,24,20,1508,73,665,288,6,30,3135,3569,997,16694,1700,98,567,522,73,104,233,398,1473,724,1562,976,2590,1461,887,1537,244,229,172,900,420,463,1529,2948,440,670,148,3407,631,303,1623,209,2353,1531,1723,417,783,584,594,1295,116,150,258,126
4/16,28,46,71,77,4,5,6,167,1129,558,78,50,36,3512,61,798,256,7,43,2033,4186,976,15313,3396,204,577,929,114,105,278,622,1799,349,1499,1401,2601,2590,1740,2166,241,272,146,1409,417,412,2544,3790,448,774,242,5075,726,293,1388,319,1672,1349,2715,597,689,502,837,1606,192,173,394,278
4/17,28,128,159,67,6,8,10,254,3612,704,73,47,30,5619,50,650,190,11,102,2123,4591,732,10680,2358,134,973,5092,112,174,336,1485,1724,259,810,1989,1795,2272,2072,1603,171,406,197,1125,439,387,2721,5162,608,963,336,1137,811,319,1322,244,1379,718,3016,937,551,598,1097,1172,142,193,283,185
4/18,49,243,131,112,20,5,10,162,2928,896,144,71,55,5888,55,467,547,7,183,3647,3911,617,10411,2221,285,411,2806,96,70,287,2431,2854,212,2318,1236,1502,2815,2666,1340,331,460,322,1484,419,640,2448,4619,836,789,324,3914,1187,407,4557,230,1616,1992,5607,1893,807,475,1270,1962,103,278,985,279
4/19,69,221,208,99,7,14,23,222,6657,505,116,92,51,4264,75,581,714,8,207,5495,2329,1042,7722,2762,198,286,1489,120,138,183,2577,1992,240,866,1239,1859,2218,2993,858,297,782,219,1748,718,368,2302,2543,623,605,353,3709,1292,559,3805,433,2531,1261,5432,1320,1980,685,1734,1771,136,274,1129,505
4/20,36,233,141,125,23,13,21,173,7404,997,200,121,61,2837,114,462,1136,12,307,5137,2562,1338,19772,2537,134,493,3786,155,84,248,1760,1379,544,1788,1091,3195,1548,2841,1575,422,1378,231,1213,374,672,2482,1978,722,753,417,7186,2056,508,2117,663,1628,1768,2874,1024,2143,926,1792,650,349,374,1163,644
4/21,86,259,228,139,23,18,17,272,7812,912,236,83,72,4218,232,906,1574,18,439,7034,2637,1303,15072,4786,259,706,1824,179,112,281,3555,1306,1413,1790,968,4130,1299,2550,1484,384,1379,410,1194,449,1165,1961,2233,588,1070,644,10513,2841,672,1811,1021,3041,2163,3402,576,1833,269,1885,2320,420,491,587,2158
4/22,75,247,298,152,31,6,29,444,10678,1588,259,187,81,8292,262,1334,1066,14,732,7279,3504,2754,6841,3353,436,1271,1001,178,142,546,3455,1592,1246,978,1022,3238,2158,3474,1877,294,1221,301,1334,511,1214,2412,2350,745,936,723,8000,5335,643,1749,869,2979,2052,3048,138,892,339,1544,2897,595,1125,223,1922
4/23,215,371,437,187,21,28,36,894,4030,1866,379,353,100,6002,251,1679,721,14,699,6640,2434,2717,8718,3653,357,1121,240,210,123,467,2418,1455,1285,3189,1912,1778,2905,1668,1357,386,900,302,1092,831,834,4324,2620,1062,1398,850,4058,6225,1012,2278,990,2388,5320,3159,29,1007,976,1638,1635,978,1007,90,2802
4/24,307,878,414,316,25,31,32,1571,6481,2266,578,691,216,6254,479,1185,884,32,2104,7632,3866,2404,7093,3812,328,1014,180,142,135,415,4693,1035,1610,1754,1802,3326,2606,1967,1858,263,1330,943,1605,765,664,3900,3749,961,1181,771,3713,6711,1558,2807,975,5129,4656,4664,26,1243,1303,2667,1005,1351,2100,35,3500
4/25,415,1892,526,315,49,58,29,854,3878,1907,954,1318,234,5596,782,659,1430,32,1463,4437,1812,5414,4207,4511,332,642,438,225,129,429,2443,1152,582,4257,1857,1963,2796,3835,598,483,524,870,1704,750,602,3763,2782,1087,971,984,3796,7510,2222,2150,1093,2798,4651,3455,30,2204,936,3390,748,1101,2018,35,2677
4/26,702,1624,485,338,70,64,60,760,4111,2763,1752,802,255,4629,904,414,1303,45,1160,2345,1034,3284,7592,2688,488,1385,663,452,210,266,3618,1384,397,1385,1449,2320,1863,2412,961,578,452,1033,1743,641,557,3182,3091,1216,1513,1228,3730,7373,2255,3398,1392,2993,2135,3679,49,3351,538,3085,2195,1277,2202,154,3028
4/27,672,2062,282,561,64,90,40,1150,4506,3036,2238,1382,294,4667,1272,1075,2125,124,2880,2226,3181,3655,5736,3596,275,508,996,672,118,348,2255,1121,1186,822,1155,1163,2587,2063,2245,876,583,1222,975,653,1144,2084,2735,2104,1540,1130,2689,6299,2526,1705,1563,4013,2373,4572,356,2643,1990,1504,2364,1440,1522,398,5089
4/28,640,3089,466,480,88,176,79,497,7834,5201,3703,952,1007,2732,1070,1275,2078,101,2945,4178,1606,9383,5432,3092,507,707,707,416,166,289,3319,1145,693,1755,1454,1805,1943,2212,2889,850,1022,822,327,630,1149,1778,2227,1902,920,1478,3520,6763,4099,2475,1943,3901,2465,2950,1072,2169,1179,4104,4142,2368,1218,377,5951
4/29,1067,3396,1202,546,127,200,67,1021,10083,3814,3406,962,2680,4563,727,3797,2066,209,3092,3690,3272,11545,5675,2918,368,402,795,690,144,460,2529,1538,442,1226,1308,1212,2332,1987,1917,1155,628,727,379,1292,927,2516,2677,1876,1063,1722,4010,5706,4398,2716,2900,4678,2407,3433,931,2266,1191,1998,5081,2662,1490,546,5847
4/30,1330,4242,2685,1621,216,548,102,1492,15947,5224,2841,1206,2958,5388,1054,2261,2040,289,2223,1908,2845,8826,3904,4023,527,942,592,1044,147,461,2913,2294,217,675,1664,1541,2222,2363,1582,719,689,1046,458,783,403,1911,2182,2959,1494,1260,3240,5567,4961,2818,2875,3321,1715,2615,582,2692,2080,1191,5762,3303,1679,573,6755
5/1,997,3475,3970,1143,207,633,84,5702,8822,6911,2360,973,5235,7142,1115,3443,2662,451,2433,1696,1750,8157,3743,2766,783,751,680,1002,187,367,1645,2517,615,1386,1395,1758,2893,3511,2269,779,908,1264,693,725,728,1809,1627,2851,1773,1148,2588,3526,3678,2306,2724,3346,2130,2413,704,2065,2234,1186,4029,4287,1819,760,11098
5/2,1091,4205,2683,1365,575,486,85,6123,8837,13438,1841,894,6978,5743,1618,3262,1859,390,2523,1700,3370,13241,3093,1646,620,1006,798,171,155,342,2625,1684,1377,1087,1676,870,2068,1645,2290,1205,704,1231,854,554,733,2065,1689,2239,1577,1129,2127,3100,3252,4191,2073,3701,2084,2782,565,2719,2777,1856,3857,3304,1486,1342,9497
5/3,1222,4659,2354,1751,979,696,245,7346,4649,11224,1497,825,10357,5308,2647,2816,1553,949,2036,4733,2339,8474,3764,1116,474,579,1437,565,132,235,1548,1643,1119,795,2418,1024,2314,1618,1591,1201,760,1040,677,616,681,2166,1197,2526,1590,1846,2003,2805,2612,4007,1963,3049,2617,2790,376,2756,1746,2310,3677,3094,1253,3610,4092
5/4,1190,6575,2212,1161,1886,572,351,9210,3176,7878,3925,792,6622,6805,5447,3096,1913,1185,1967,5228,3069,6105,2361,2243,714,823,1957,725,111,319,1721,1104,786,1401,1492,799,1027,2558,2263,1312,716,1768,732,782,583,2269,1042,2789,1888,2420,844,2698,3110,1974,3425,4714,2367,2260,338,2119,1920,1517,3602,4414,905,2654,8209
5/5,1065,8811,2374,1046,1794,1249,319,7162,2728,3952,5862,1081,7494,5820,5366,6708,1302,1308,1795,3440,1684,7132,2676,1515,458,557,2176,1014,103,181,1325,896,1226,1122,2077,875,1583,1486,2493,1718,1270,1727,925,884,447,1854,556,2684,1860,1969,918,3247,1322,2742,3731,4135,1504,1780,433,2185,1893,2429,1850,3947,699,2159,3943
5/6,721,5063,1644,2408,1891,1970,1002,5120,3410,4559,1766,1091,6493,3390,2994,4159,1181,1466,2861,1818,1356,7071,5896,1929,472,694,2792,608,122,305,1316,1022,1391,1370,1594,904,1482,2922,1201,1333,941,1353,1140,700,652,1191,554,1617,1678,2117,763,4517,1016,1527,4034,2695,1322,1503,277,1098,2169,3402,1591,3144,511,2871,633
5/7,849,4264,2254,1388,1458,2952,1949,3161,3461,4638,3471,1669,6179,4118,3199,2241,1127,3084,3067,2499,858,3931,3090,3147,596,350,1654,774,59,155,729,911,534,1288,1270,810,1617,2589,2293,1396,872,1462,663,710,527,1225,767,1756,1223,2209,276,3410,697,1381,4062,1735,1201,1035,386,1329,1396,2944,1385,3637,919,1610,631
5/8,1072,2579,1633,2091,2566,2905,1573,4432,3770,4835,3073,6243,9275,5571,2803,1862,1059,4936,1147,1597,1108,3704,2398,2067,414,582,871,739,103,176,1000,654,566,680,1296,929,1556,1874,887,1146,844,1488,530,663,574,1125,970,1326,1181,2129,413,1655,1152,1095,4998,1656,856,684,533,1341,1357,2698,1310,2717,1152,2689,329
5/9,785,1672,1303,1671,3156,3500,2191,3497,3610,4477,2023,4300,6208,5532,3290,1915,1723,4080,705,2254,1269,2755,4922,1389,691,291,2356,576,117,156,840,597,530,1048,1331,613,877,1650,1863,1348,530,1302,771,732,482,1235,605,2205,1120,2917,320,1161,1237,1183,6394,1646,1014,626,781,1537,1082,2324,935,1964,1716,3226,41
5/10,1382,1675,1304,1804,1660,3006,2090,3102,3227,3598,2572,10265,5307,5252,3720,2205,2769,4454,611,1949,1277,3814,2565,1616,521,416,3173,679,116,220,1115,532,318,778,662,503,900,1160,1382,588,642,1401,876,487,431,1309,608,2030,1547,2106,379,905,862,919,6638,1250,983,590,929,1195,1327,2350,938,1347,1849,5407,41
5/11,2624,2869,1489,1778,1615,2224,1883,1491,3654,3009,1934,12338,7048,4955,3429,3159,1564,3597,493,2047,1733,2612,2085,1084,613,172,3718,1775,66,290,612,465,662,827,773,434,1029,1040,929,722,553,1442,631,425,340,2182,801,1420,2331,2167,325,685,845,878,6458,1268,748,439,1485,792,1075,1869,789,1035,1086,4100,235
5/12,4290,3073,1283,1995,1926,1208,1138,1888,2834,2411,1922,6654,9565,3595,3042,1873,946,3751,382,879,1099,4933,1596,864,485,276,2049,1482,73,163,487,368,1081,1225,708,440,839,735,1502,971,628,1425,558,493,411,841,686,959,1973,1236,361,447,653,515,4777,2063,383,183,1783,812,1327,1859,1245,991,1155,2344,17
5/13,3967,5547,2749,1195,1813,1019,755,2053,1530,2622,1115,5819,3818,1807,2936,2431,952,4195,758,941,1431,6846,2366,1784,288,253,1641,1018,69,139,628,404,397,924,479,579,735,1108,746,857,909,1537,661,423,547,524,497,1128,1768,1012,292,689,684,457,2582,1502,482,292,2155,766,1232,962,1310,750,1880,1201,127
5/14,5449,2756,3760,699,1103,1234,1165,2605,1164,2769,978,6322,4125,2535,3032,4146,635,3795,765,981,1503,3598,2199,835,360,300,1585,1037,104,102,666,437,499,607,627,536,590,774,751,804,1242,1153,404,374,289,765,401,1045,1362,1686,352,653,772,680,2693,1987,472,141,2068,622,1113,629,897,773,2135,1045,685
5/15,3615,2024,1835,552,1009,1314,1110,1995,1755,2166,958,7452,4427,2532,1885,2529,544,2489,971,1060,1809,2538,1580,1037,320,109,2240,787,75,144,786,328,490,552,457,671,603,943,918,451,1134,1315,468,453,436,518,302,925,1173,2058,247,627,976,646,2652,1185,430,154,1786,401,1268,588,562,429,1846,1031,444
5/16,3132,2770,1548,559,1004,1472,1247,1557,1807,2199,862,5949,2310,3613,1877,4599,786,3554,1356,1475,1399,2350,1762,1026,449,201,2365,811,96,106,697,303,461,375,670,659,350,569,988,443,981,1036,213,436,591,503,260,955,1018,1301,226,514,1072,512,2020,1265,431,154,1657,343,965,496,444,303,1577,728,1258
5/17,2631,2622,1995,860,965,1591,1145,1866,1809,1754,906,4849,1415,3867,3145,4357,789,2328,1161,1709,1003,1927,1502,976,359,114,2190,604,80,87,591,321,323,390,510,503,322,753,947,480,1224,1026,340,286,361,575,252,920,1109,762,119,415,797,635,1883,730,338,248,1317,375,1015,531,649,166,1342,1168,772
5/18,2236,3107,1414,902,708,1912,907,2246,1989,2229,848,4667,1122,2577,3162,2887,689,1634,970,1674,691,1665,1215,879,255,144,1419,527,83,102,439,309,478,521,414,521,491,713,1175,424,731,890,135,189,405,643,257,523,866,1199,143,261,650,607,1775,831,295,231,802,273,1167,241,617,132,945,814,634
5/19,3117,2076,1102,1157,963,1674,1083,2706,1962,1781,902,2782,774,1986,2800,1563,998,1517,1193,1297,954,2156,1270,945,186,157,742,522,94,86,470,260,312,423,426,435,331,531,819,322,882,675,170,202,372,501,179,554,675,1255,156,239,712,449,1486,696,391,350,420,198,742,432,747,100,920,501,1486
5/20,3671,1385,1083,901,933,1317,1573,2370,1506,1845,1063,3671,851,1531,2424,1937,726,1368,843,929,1307,2209,2005,714,228,259,478,408,89,83,603,312,156,441,410,307,396,743,626,387,657,589,253,279,392,1348,210,505,622,1244,190,258,874,516,1218,611,441,422,423,170,614,403,839,146,658,503,1129
5/21,3047,1722,807,485,909,1286,1428,1769,1421,1239,1121,2752,963,1050,2295,1638,842,1201,476,1060,1338,1767,1377,750,237,134,338,317,70,87,596,253,97,259,378,442,420,817,558,351,807,390,386,295,262,658,305,632,498,966,140,206,1466,471,1348,464,443,498,494,161,898,661,756,76,610,500,341
5/22,1805,1560,729,429,552,1728,3422,1700,1787,1302,852,1699,899,885,1712,1279,520,920,570,1422,1466,1356,1758,632,339,263,504,348,66,65,482,323,150,292,348,401,389,597,498,313,580,597,357,214,268,934,398,684,354,913,123,160,1582,287,1545,583,358,392,591,141,739,409,437,128,571,691,526
5/23,1992,1583,641,370,756,1838,4945,1281,1344,1624,977,1273,724,798,3109,883,459,1114,698,1604,1204,1434,1748,440,257,140,324,202,78,110,661,238,114,284,417,391,319,331,511,280,584,560,426,221,361,893,315,582,405,825,122,182,1536,243,1574,530,330,438,574,131,586,439,619,94,560,762,98
5/24,1242,1331,710,444,675,2686,4894,1267,1542,1394,795,1871,688,666,1667,719,521,990,846,954,1143,1313,1919,615,189,205,293,138,60,93,463,324,126,261,301,230,350,604,479,408,436,606,339,180,202,459,268,430,502,886,149,92,1978,192,1812,519,274,422,463,123,447,465,437,83,594,873,257
5/25,1769,1452,584,598,614,3518,4032,1173,1217,1693,767,1133,508,1190,2503,608,529,1009,867,1024,1689,1277,1395,688,134,193,568,147,71,113,391,258,103,265,271,254,484,335,527,349,381,616,260,158,224,431,262,341,479,1069,144,171,2228,205,1584,428,146,410,520,68,638,410,437,135,868,742,980
5/26,2113,1130,973,914,583,2239,2738,973,1931,1533,998,831,218,1596,1727,749,557,1014,964,1424,1206,1313,1569,725,216,206,477,228,72,89,300,254,140,296,258,325,411,533,460,265,357,634,360,56,256,375,276,331,456,948,138,99,2163,245,1318,451,156,296,467,95,485,301,365,165,604,548,2375
5/27,1784,1591,828,888,637,1811,2368,947,2068,1415,791,1027,416,1355,1832,1054,556,802,789,786,884,1506,2733,506,244,107,732,194,76,92,517,283,161,217,312,296,316,282,608,307,231,550,285,61,237,418,341,254,377,715,194,119,1799,266,853,373,121,339,532,212,231,186,211,224,756,851,2255
5/28,1104,1448,700,607,567,1558,1734,1435,1826,1927,585,980,771,1553,1647,887,542,694,972,951,1173,1818,1825,587,245,158,674,138,94,81,373,299,126,306,286,358,323,388,339,232,279,332,279,50,170,440,262,381,333,535,201,131,1558,175,512,375,111,330,633,142,149,209,163,305,555,599,1644
5/29,1083,1495,721,858,470,1391,2116,1105,2226,1034,901,1081,1048,1271,1843,1010,514,546,1355,961,964,1620,1606,569,221,209,587,162,95,89,436,268,250,252,247,387,289,561,314,183,240,379,237,82,237,420,198,331,359,384,217,195,1230,112,661,426,83,196,563,112,257,218,149,351,634,760,1446
5/30,1007,1743,797,968,526,951,2137,1033,1745,1251,891,1394,803,1789,1471,749,659,387,1373,1416,1147,1757,1602,578,204,243,680,123,79,70,613,422,177,144,200,536,236,492,343,208,274,249,200,89,161,270,164,288,364,402,254,169,1011,119,662,417,173,243,536,92,187,154,115,475,535,875,1711
5/31,978,1197,656,994,514,1116,1982,1085,2439,1009,848,1229,617,2426,1518,726,580,457,1549,960,740,2163,1618,422,186,184,633,194,77,80,411,350,159,163,251,313,395,492,389,250,178,376,184,88,209,526,423,223,408,349,316,172,657,135,707,426,133,196,339,74,171,151,97,565,494,898,2476
6/1,1120,1489,798,596,541,1062,1093,1166,2570,1277,715,1479,750,2875,1365,743,680,450,1260,1070,1095,1136,1943,369,171,82,718,130,74,99,419,271,167,120,214,396,256,389,404,174,215,320,156,87,163,514,392,232,366,325,364,161,514,171,487,483,143,140,223,89,228,123,86,474,422,1135,3147
6/2,1278,1146,917,769,791,927,1386,1736,1905,1482,839,1654,765,2934,1630,934,486,407,1324,1286,1070,1766,1628,610,195,118,516,188,97,83,333,232,120,206,320,346,378,233,413,228,206,222,188,68,244,641,471,334,334,398,693,204,436,165,381,499,138,164,195,157,168,174,114,473,562,2193,2024
6/3,1398,1644,1050,951,824,1569,1483,1580,1763,2295,593,1633,1043,2542,1742,917,855,305,1119,1382,1585,2072,1595,544,238,109,376,186,86,99,371,354,163,149,358,413,359,285,306,202,212,211,155,98,328,872,112,304,388,357,657,279,297,173,362,459,134,152,209,107,215,144,102,295,477,2175,2959
6/4,1073,1222,1005,1050,540,992,1186,1394,1674,1180,1166,1896,1238,2707,1708,803,729,984,1100,1177,1627,1336,2304,396,203,215,504,164,120,129,388,266,122,152,361,400,422,325,444,191,225,322,129,132,290,747,792,401,379,411,359,266,323,232,353,586,191,82,189,186,140,121,137,362,693,2895,2074
6/5,1155,1605,979,1024,1021,1209,989,1699,1844,1256,1271,2166,1360,2792,1904,1040,723,972,908,1133,1583,1705,1655,362,161,166,424,203,106,163,384,333,196,259,227,404,324,354,477,149,227,385,137,137,270,678,595,363,275,437,534,177,286,260,474,596,220,139,197,141,272,78,134,226,557,1796,1692
6/6,1322,1202,1103,1656,853,1362,1079,1522,1812,1594,1624,1014,1297,2544,1791,1275,490,889,1138,1831,1593,1798,1277,345,158,121,414,144,114,83,465,444,180,164,443,312,341,334,332,135,157,436,144,115,331,787,788,342,301,339,909,228,305,277,468,465,292,101,198,167,291,61,123,272,548,2192,1253
6/7,1804,1396,964,1515,1014,1069,1154,1791,1866,2157,2335,1384,1352,1826,2209,1449,1058,1079,940,1716,2063,2308,1405,519,88,212,599,257,86,152,400,331,216,156,288,316,353,255,239,176,200,293,248,129,221,826,781,375,326,224,907,291,336,460,740,720,292,179,120,95,263,96,138,338,482,1546,826
6/8,1789,1369,1066,1403,873,995,1318,2276,2508,2780,2170,1358,1845,1975,1729,1194,1017,1460,1222,2197,1189,2130,1565,504,116,157,485,185,94,189,330,329,263,335,394,407,462,512,343,179,184,240,176,147,274,643,613,364,357,186,505,179,351,540,977,770,376,216,233,79,379,138,131,386,372,1345,866
6/9,2177,1238,1265,1344,1030,1157,1871,2165,3116,2743,2459,977,1851,1913,2037,1245,1162,1012,1445,2023,1889,2462,1496,477,123,344,338,185,131,127,369,326,231,160,504,421,582,309,271,251,222,325,106,106,294,423,547,384,188,135,652,189,395,531,646,733,324,410,161,46,433,220,128,397,302,1249,705
6/10,1686,1447,1204,1349,725,1085,1179,2111,2050,2368,1852,1381,1857,1890,2133,1330,850,1455,1354,955,3769,1849,1338,390,155,288,569,149,165,148,380,409,246,125,540,372,631,304,259,256,322,342,92,140,631,397,773,538,270,215,920,52,408,652,755,755,339,439,221,78,408,433,84,617,290,1122,687
6/11,1875,1436,1205,1261,880,1474,1449,1957,2176,2002,2431,1044,1659,928,2205,1462,597,1661,1394,1109,2526,1507,1258,379,208,384,471,185,169,160,365,283,271,261,432,618,566,342,233,224,187,235,102,99,402,535,732,525,293,178,566,131,478,745,398,742,268,523,255,67,454,395,76,1014,249,1264,893
6/12,1758,1523,1467,1229,939,1434,1518,1877,2417,2143,1299,1203,2067,1285,2627,1029,792,1944,1968,1628,2327,2225,1167,377,210,255,320,192,198,175,406,256,261,338,358,558,795,386,435,217,232,287,96,113,428,350,590,567,426,229,699,336,521,885,1098,1002,255,492,228,23,766,468,101,1382,259,2024,1263
6/13,1582,1237,1524,1196,1033,1429,1530,2834,2876,2437,2211,1398,2374,2065,2540,1244,1109,2631,1321,1826,1922,2700,1021,392,231,430,568,194,199,239,480,260,245,259,422,912,486,371,334,232,149,316,129,226,457,780,676,703,392,218,828,314,776,688,337,828,276,578,199,36,1159,1286,107,1813,226,2493,1303
6/14,1964,1234,1542,1443,1488,1009,1152,2024,2770,2178,2130,1615,2494,1597,2122,1292,1064,2349,1842,1830,2326,3777,1635,401,249,343,481,195,158,192,375,330,273,342,504,445,739,403,430,225,270,231,245,145,438,722,668,554,393,312,749,220,726,1066,1019,1276,445,614,303,74,1101,1670,188,3513,296,2379,1733
6/15,2098,840,1647,1773,1433,938,1294,1883,3129,2960,2556,1928,1743,1818,2977,1746,858,1752,1760,1956,2309,2667,1092,498,435,512,402,286,165,240,568,239,401,342,623,413,721,367,302,199,393,339,172,194,475,548,641,634,597,333,839,204,917,706,938,740,495,569,438,82,1322,1593,235,3787,459,1807,2362
6/16,2104,1200,1685,1682,1366,1858,1788,2827,3118,1920,2634,1931,1487,1928,2737,1404,1153,2296,1560,1573,1538,3665,1300,511,287,267,369,254,188,211,608,269,365,388,589,591,868,347,503,294,292,261,207,127,460,474,660,569,272,383,698,181,816,755,873,1070,669,767,328,63,1539,2316,477,4827,678,1935,2569
6/17,1901,802,1317,1794,1542,1656,1579,2282,2367,1326,2309,2234,1781,726,2935,1863,1187,2071,1835,1578,1367,1803,2382,487,379,511,356,192,183,239,645,210,255,410,670,696,748,427,478,228,240,267,264,200,601,526,636,604,306,293,839,289,860,648,1199,1304,869,1035,282,98,1575,3005,911,4314,554,2456,2370
6/18,2748,972,1531,2216,1208,1482,1744,3270,2430,1620,1923,2628,1461,644,1896,2490,587,2274,1867,2149,2250,2858,1408,530,384,415,396,195,166,239,699,261,428,499,644,791,703,572,594,170,235,290,248,187,467,709,656,700,381,205,715,347,734,624,1898,930,1162,1352,348,172,1227,2259,1190,3576,826,3503,4540
6/19,1596,1136,1848,2194,1019,1501,1761,1961,2684,1630,2142,1917,2044,1917,1968,2626,687,3150,1580,2094,2391,1830,1281,494,324,451,438,184,151,224,626,299,412,692,621,654,571,473,681,185,285,305,242,229,598,549,889,586,364,158,768,431,957,708,2095,615,1423,1526,399,244,1286,2941,1179,3791,967,4134,6179
6/20,1219,1288,1995,1507,1242,1196,1869,1948,2761,2570,2357,1452,2176,3402,2389,2479,714,2238,1443,2315,2501,2860,2088,466,416,346,571,160,214,258,679,258,399,607,740,891,610,512,670,225,237,369,330,260,406,661,918,505,401,123,755,442,942,928,1442,1368,1352,1704,354,305,1350,2704,1677,2164,1239,3014,6204
6/21,890,1334,2235,1762,866,1300,1337,1966,2508,1781,1818,1800,1562,3145,3216,2716,911,1975,1758,2044,1755,2530,1763,595,470,487,706,329,196,351,681,287,331,588,512,572,707,549,579,267,296,285,364,234,534,664,1183,644,491,103,479,472,705,1384,3633,1577,1507,1444,585,337,1422,2709,2044,2051,1457,2815,8066
6/22,1571,959,2190,2458,843,1239,1720,1706,3084,2132,1874,1758,1277,2163,2103,2990,1176,1542,2007,2934,2029,2345,1758,611,267,443,649,378,171,439,496,356,541,603,329,658,805,589,836,242,341,321,149,314,537,739,956,854,660,114,390,630,824,932,1915,1706,1252,1938,722,541,1376,2518,2093,1706,1805,2290,6020
6/23,1990,1788,2320,2241,946,1636,2032,2375,2580,2585,2360,1870,1622,1483,2164,2848,1297,1821,1592,3010,2858,3244,1869,732,425,456,517,378,213,383,521,363,286,632,598,503,638,400,792,352,307,286,270,266,539,925,908,740,485,163,667,780,1130,888,1382,1660,1036,1727,601,977,1122,2440,1657,1660,2553,2581,4991
6/24,1975,1670,1851,2086,940,1877,2595,2801,2971,2173,2412,1616,1913,1882,1488,1923,1205,2629,2380,2408,2487,2353,1359,678,488,569,465,286,214,353,379,312,475,659,548,430,496,495,551,461,301,264,277,331,689,928,618,887,618,105,641,1352,1160,1175,1736,1102,1858,1449,764,1051,1109,1618,1839,1746,2882,1674,3469
6/25,2033,2279,1876,2892,742,1912,2563,2440,3147,2469,1598,1747,1926,3661,2485,1608,1102,3249,1955,1873,1868,2725,1379,575,423,468,564,244,240,384,416,302,421,675,489,672,417,631,512,515,278,224,333,368,654,942,1259,908,602,217,581,1651,1104,1057,1569,1501,2043,1081,1922,1357,997,977,1956,2894,2582,1735,4113
6/26,1831,2696,1909,2711,730,966,2950,2984,4085,2412,1300,1070,2166,2443,1440,1965,1349,2931,1613,1708,2571,3041,995,466,428,340,569,331,306,437,523,304,329,795,498,562,387,395,467,548,407,310,393,444,746,743,1013,924,550,142,619,1394,1240,1087,1218,1808,1638,1111,2115,1682,847,956,1497,2294,1928,1453,3134
6/27,1426,3549,1972,2718,1064,1195,2025,2200,3767,3411,1735,788,2165,2725,1229,1860,727,2919,1578,1813,2537,4107,1227,644,582,376,395,337,299,301,439,311,471,730,552,397,510,505,461,550,251,288,464,409,811,611,1231,858,344,183,635,1376,1240,1618,1169,1997,1126,920,1732,2232,1218,813,1757,1785,1485,1380,3103
6/28,1298,3852,1797,1934,1002,1048,1416,1860,3876,2594,2071,1047,1565,2124,1622,1695,704,3253,2059,1664,2703,2976,1051,610,388,349,463,274,366,259,402,220,434,674,376,253,730,572,534,411,303,249,534,462,635,428,648,906,442,180,590,1672,1274,1321,1597,1801,1382,1538,1835,2163,672,617,1543,1515,943,1371,2857
6/29,1937,3841,1171,2363,1147,859,1458,1852,3646,1952,1479,1747,1797,2660,1810,1457,892,1915,1756,1944,3376,2736,1285,664,420,314,390,332,364,277,384,238,615,754,407,359,716,539,316,504,286,269,432,738,667,521,749,784,495,214,468,1629,1090,1314,1427,1680,1138,1465,1325,2390,914,759,1461,1293,653,1090,2902
6/30,1703,3769,1527,2026,1139,1275,1353,1904,2556,1656,1761,1249,1621,1291,1491,1387,913,2769,1482,2320,3472,2725,1188,584,483,217,417,397,389,312,314,139,437,660,456,520,451,555,421,372,239,233,426,441,720,594,589,739,459,261,522,1477,866,913,846,2054,2075,1675,1219,1762,810,856,1313,1612,1053,909,1792
7/1,1700,3752,1284,1663,1169,994,2641,2811,2280,1539,1987,1416,2469,1771,779,1245,920,2281,1572,1487,2778,2387,1171,591,440,334,409,286,306,286,329,276,252,565,372,283,420,481,370,424,339,317,621,522,710,754,843,918,444,318,667,1477,1381,798,794,1081,2240,2004,1925,1485,619,772,1123,1283,1647,862,1107
7/2,1473,3366,1433,1270,768,760,1743,1950,2140,1750,1665,1314,1985,2112,1386,881,600,1576,1648,1579,2665,2299,1080,680,466,298,465,404,424,318,281,203,277,486,224,470,382,333,299,471,397,228,548,488,651,657,1034,945,745,781,991,1515,1176,898,1153,1370,3444,1600,1710,896,907,578,1464,1079,2247,814,1327
7/3,1334,2531,1205,1265,701,515,1547,2063,2676,2300,1561,1165,2154,2034,1315,689,806,1885,1683,2128,2179,2401,1519,410,523,303,399,357,312,288,350,198,412,555,370,347,395,588,291,408,223,218,484,387,804,162,799,1011,866,798,825,1367,1449,702,1312,1564,2784,1558,1822,1533,882,714,890,969,1912,499,1008
7/4,1125,1692,1135,2610,989,505,1170,2247,2834,2891,2302,1053,1613,1806,2147,1070,620,1125,1997,1736,2163,1806,1644,277,526,276,394,314,264,300,261,217,305,387,469,533,500,352,457,300,315,276,578,579,772,1043,721,1125,1196,980,522,1543,1734,1283,1063,1011,2605,1415,1406,1843,877,1069,1191,602,1391,762,784
7/5,1113,1499,1178,1495,886,601,1331,1937,2591,2640,2162,920,1746,1074,1380,876,699,1158,1723,1200,2163,2022,1833,251,476,255,400,231,270,232,289,145,323,289,321,419,460,508,331,535,233,174,523,541,711,724,683,772,1120,862,678,959,1651,1477,1303,1522,2208,940,1287,1845,840,876,1001,530,2092,1014,725
7/6,872,1311,1085,1424,731,928,1476,1387,2088,2648,1645,982,1110,1235,1786,964,646,1188,1177,1303,1509,1985,1220,347,353,192,414,296,406,331,223,142,405,315,230,236,340,419,419,508,169,153,436,689,750,467,753,519,1011,1313,506,1197,1223,1230,909,1791,2523,786,1242,1477,1033,462,1173,418,2429,1057,918
7/7,842,1471,1088,1036,637,842,1332,1332,1132,1679,1461,1355,1279,1013,1140,751,840,1132,984,1056,1788,2336,902,356,611,230,462,336,314,249,186,155,316,401,287,196,418,414,336,588,195,194,386,455,714,496,476,785,698,1224,663,1139,1060,1052,816,1458,1315,840,961,1534,398,483,645,600,2204,1188,1018
7/8,768,1791,951,904,465,877,1147,1461,895,1536,1335,1279,1320,949,1425,604,706,1039,1409,1576,1602,2165,1236,420,424,269,391,158,252,306,175,126,484,230,395,425,328,315,331,503,198,214,330,350,650,639,748,458,889,660,690,1879,961,728,683,1194,1406,1411,1136,1897,689,503,533,711,1656,1564,1041
7/9,915,1798,948,1025,521,645,1326,1524,1046,1986,963,1330,1520,1095,621,456,570,1179,1070,1391,1507,1717,772,416,638,240,357,453,67,282,157,141,340,282,587,297,307,432,353,452,290,229,331,425,582,668,774,500,925,824,610,1188,955,865,763,1059,1487,1510,843,1482,465,408,517,732,1957,1335,1065
7/10,703,1427,986,1021,465,559,1119,1506,1411,1560,1249,898,1426,1300,412,481,425,1004,823,1315,1290,1758,1103,442,567,178,338,269,124,349,214,119,351,192,373,399,287,191,264,475,356,232,255,325,785,659,779,469,754,920,624,725,1021,598,669,1097,1397,1586,1081,1018,399,586,457,707,1875,1293,880
7/11,687,1213,759,1058,578,533,863,1287,1886,1638,949,499,1222,1183,510,642,538,786,614,1224,1628,1403,967,439,497,193,287,271,311,303,274,122,322,223,350,481,527,196,342,445,227,276,287,379,515,569,873,406,941,737,521,910,1071,989,824,845,1470,1150,937,1155,353,551,550,430,1790,693,1262
7/12,745,768,848,1193,466,333,767,784,1393,1191,1206,1046,847,962,700,634,510,675,528,692,1652,1951,1080,333,516,241,232,242,269,327,203,120,273,185,372,245,355,242,327,416,264,255,392,431,591,479,1171,499,840,624,566,804,885,844,760,1040,1512,1176,954,1295,411,578,659,464,1489,781,710
7/13,760,802,571,1064,479,359,492,1137,1124,1469,1071,906,745,767,594,676,496,654,598,891,1784,1663,947,306,628,212,244,234,101,218,207,196,184,246,364,346,295,185,299,375,250,259,347,529,583,560,1124,558,1002,678,475,1174,734,899,1146,1115,1382,1670,574,1073,470,725,704,523,1081,689,911
7/14,691,707,598,622,434,459,592,1222,792,1085,1164,1234,651,340,653,704,443,999,563,1356,1541,2101,910,305,569,156,244,233,153,193,162,101,150,187,221,287,306,193,272,353,138,266,381,315,593,494,777,688,642,802,858,977,822,827,946,956,1255,1010,481,1069,608,495,630,473,845,548,625
7/15,679,893,602,943,422,442,429,1273,1852,747,927,970,725,378,1228,827,491,805,891,1009,1087,1569,1087,306,538,294,175,171,221,182,177,131,121,161,361,258,347,155,270,317,85,246,198,325,606,536,681,519,844,604,854,958,764,658,998,875,1371,778,520,1136,476,538,598,356,1113,538,1058
7/16,571,877,684,767,430,473,698,1067,2762,967,512,895,1089,676,679,618,286,602,807,754,634,1145,898,282,384,191,172,227,216,274,191,119,166,200,397,305,320,199,247,307,117,263,223,186,590,491,622,446,1356,819,640,857,785,555,987,1117,1615,993,772,948,480,318,570,520,847,873,627
7/17,639,688,616,887,357,372,684,1059,2738,751,1007,661,1271,582,467,579,551,760,691,816,925,823,779,367,438,210,126,133,172,294,128,72,138,212,423,242,289,198,333,205,135,203,247,299,587,370,586,534,770,591,426,723,986,470,932,1161,1121,989,888,926,359,434,636,446,1055,747,745
7/18,570,630,622,788,343,375,569,923,1885,871,640,875,913,597,500,691,421,421,1022,942,1192,1008,689,397,249,181,143,135,132,199,236,135,172,194,375,379,291,274,225,287,137,278,267,222,437,577,536,562,893,563,605,737,1029,579,1085,843,1003,804,1061,1365,498,535,341,370,983,762,491
7/19,502,488,520,885,344,281,536,736,1100,896,680,866,595,614,630,668,352,540,938,576,1227,1333,922,428,372,192,137,119,143,247,171,93,87,156,328,393,299,293,272,187,105,272,239,271,423,640,569,616,767,730,674,821,1045,646,770,843,1017,1407,983,1338,352,678,442,446,824,662,654
7/20,NA,380,297,771,227,240,377,666,1183,1197,615,749,457,563,771,550,533,416,497,664,1238,1035,922,286,242,166,101,123,141,284,167,74,102,116,427,410,388,268,185,292,178,233,178,470,543,538,482,684,1125,1039,480,877,929,773,771,1134,1133,1199,736,1205,455,657,457,729,984,691,957
7/21,NA,354,390,653,339,223,432,741,969,761,692,610,535,366,625,438,378,623,505,592,1083,1107,811,329,340,206,135,113,190,164,143,99,152,210,314,351,90,218,222,179,102,275,239,239,765,459,591,562,650,788,620,798,1083,499,884,935,1320,945,742,855,645,771,740,626,1047,853,1312
7/22,NA,430,339,579,407,258,447,808,829,570,532,559,661,351,539,359,360,558,667,426,407,744,1062,223,273,122,143,72,132,259,172,125,114,320,332,252,251,264,249,288,210,167,186,339,672,565,730,608,843,695,542,922,850,429,816,978,1294,975,852,945,600,653,1092,1111,1480,897,1375
7/23,NA,418,514,521,368,355,493,1125,888,560,335,409,729,316,378,318,350,609,630,490,516,507,973,259,239,124,99,64,109,201,132,63,138,118,427,392,327,250,241,231,211,252,150,364,501,466,629,782,892,559,533,821,976,522,812,950,1280,891,926,853,653,742,852,1046,1361,817,1806
7/24,NA,369,501,495,306,294,367,888,954,391,419,495,724,367,399,257,386,475,651,392,677,791,745,270,363,110,114,117,167,189,143,85,88,146,408,233,355,214,212,238,308,210,146,331,638,448,643,691,788,439,471,786,767,574,813,790,975,965,648,806,759,778,1006,899,1160,879,1744
7/25,NA,470,360,547,319,302,298,837,942,368,452,422,682,348,367,339,293,347,605,517,642,818,644,155,271,109,84,91,170,119,149,63,97,133,486,202,402,292,269,189,171,191,190,242,424,399,847,780,703,826,408,692,789,636,718,675,1251,725,887,1235,684,846,878,789,1437,759,1813
7/26,NA,341,335,478,213,281,271,662,1280,511,619,488,535,396,261,338,350,236,330,313,564,1035,534,258,248,163,95,90,148,246,138,88,79,133,232,368,351,288,256,299,191,162,196,324,382,261,820,823,1174,558,486,618,629,613,920,984,796,643,854,1098,708,1176,1083,919,1352,982,1241
7/27,NA,429,319,386,257,206,305,478,1421,383,520,516,476,360,280,329,338,331,410,344,571,1042,866,296,189,83,106,111,121,187,115,54,145,176,625,352,281,273,231,169,173,141,207,292,364,397,748,807,909,682,531,729,714,524,1151,850,912,762,928,1159,673,967,846,1126,1028,601,1868
7/28,NA,264,336,419,204,220,243,638,971,360,624,492,420,309,200,287,264,360,278,219,625,577,732,323,277,65,113,85,140,142,95,88,105,210,800,477,282,171,136,292,109,140,227,251,374,449,478,467,788,616,746,525,697,631,1087,803,654,734,1031,1217,790,1131,804,1127,781,408,1456
7/29,NA,364,215,451,255,187,380,661,705,465,710,538,514,328,287,295,265,331,260,143,569,383,726,298,330,84,103,119,186,180,101,92,69,125,490,437,348,220,99,209,166,125,242,228,396,415,452,421,705,622,597,642,503,695,751,1367,846,716,490,998,963,1039,864,920,771,268,1210
7/30,NA,271,162,507,150,181,298,560,1318,530,590,531,524,298,195,159,248,312,312,237,486,710,754,279,267,76,105,110,141,119,137,79,58,83,353,242,257,190,141,227,142,99,213,247,402,347,500,484,561,505,683,680,488,735,444,1297,913,817,1180,928,723,748,895,906,900,248,1855
7/31,NA,312,181,493,184,149,272,547,1386,534,502,405,667,390,105,181,243,373,209,257,487,544,672,291,233,73,70,126,219,343,169,63,96,208,782,534,264,260,183,200,165,151,184,237,172,249,590,690,606,552,689,716,498,589,670,567,817,713,1215,1083,1145,704,955,692,1079,297,2050
8/1,NA,378,137,391,170,150,268,590,1283,534,486,279,694,306,99,267,197,413,185,364,590,529,575,266,256,76,126,102,133,197,179,108,81,241,1003,226,501,285,141,264,124,166,466,168,335,368,365,531,554,504,519,730,481,902,722,973,1023,772,957,1153,774,681,903,498,985,377,1223
8/2,NA,249,180,418,215,128,226,509,813,457,317,405,724,338,53,253,207,432,300,419,578,655,499,267,192,41,97,115,194,194,134,68,131,173,533,267,534,389,120,189,178,180,204,234,327,312,482,428,439,492,657,742,539,814,730,886,1001,791,796,592,1182,466,624,468,734,494,956
8/3,NA,172,126,346,224,116,198,439,530,340,463,442,401,234,50,227,268,374,216,279,317,458,642,307,294,83,81,106,172,110,197,95,89,96,554,290,522,327,178,290,129,94,238,195,374,288,363,687,555,507,583,722,408,687,574,874,909,713,429,470,511,298,525,465,488,435,873
8/4,NA,284,114,352,205,139,156,597,474,460,402,490,515,316,55,253,199,466,184,838,344,507,595,283,219,67,121,105,145,175,199,61,72,231,1149,271,291,345,232,309,195,89,163,249,532,260,387,516,430,553,804,469,447,409,458,902,837,467,419,399,763,280,369,700,365,425,1114
8/5,NA,302,153,350,215,91,130,473,584,296,447,420,459,231,102,270,228,425,195,407,258,427,468,261,214,62,153,139,135,151,150,80,72,543,964,748,616,361,204,332,197,87,246,141,404,188,466,548,764,295,572,909,505,932,589,798,996,470,370,327,370,222,300,412,331,451,717
8/6,NA,429,186,320,180,99,126,570,695,281,532,465,456,363,148,288,185,395,119,395,451,455,588,218,176,103,200,174,154,113,238,85,115,222,491,592,545,344,310,252,163,110,253,196,292,301,375,359,581,399,525,683,530,938,366,429,662,445,307,382,662,191,239,253,477,470,488
8/7,NA,315,466,263,143,179,108,638,868,307,742,489,478,282,292,318,152,337,227,286,501,408,249,282,141,84,230,128,178,245,235,55,100,583,1207,1205,490,372,378,234,154,155,222,234,241,188,484,341,581,454,442,719,597,886,267,438,793,431,283,370,516,227,314,267,672,447,500
8/8,NA,365,423,384,171,182,77,625,1206,363,938,435,402,327,474,280,163,274,265,321,432,589,612,321,189,96,108,142,189,212,260,97,165,268,1226,517,678,716,272,266,133,135,286,270,200,289,359,273,596,418,461,459,444,1003,467,702,748,379,364,483,557,285,283,290,565,492,492
8/9,NA,386,271,409,193,151,126,713,1094,349,908,503,481,334,347,377,237,329,248,304,395,480,402,387,223,145,167,212,204,202,282,79,157,150,1374,276,394,252,369,320,140,85,368,230,385,245,438,299,700,330,557,550,410,557,361,521,789,268,333,252,474,331,371,363,718,292,572
8/10,NA,366,319,362,129,126,91,672,1099,379,1249,408,374,360,317,373,235,292,189,288,599,421,184,312,258,145,115,181,190,394,202,115,133,183,1233,441,553,209,390,396,163,144,318,210,448,292,222,283,692,256,619,624,353,878,540,465,819,345,332,352,449,343,364,489,426,322,617
8/11,NA,600,216,234,236,122,96,584,1053,452,823,534,357,352,437,227,388,266,281,258,520,637,480,550,238,250,179,181,154,252,147,45,162,131,1109,312,444,606,440,351,148,137,350,239,578,234,223,406,339,333,760,452,412,618,389,909,791,286,264,160,416,326,344,347,448,352,925
8/12,NA,568,266,374,357,139,127,956,1117,495,848,548,510,274,360,454,313,252,326,153,571,621,726,717,336,135,173,490,145,494,89,97,90,189,1413,524,505,379,326,529,182,192,217,269,644,253,271,383,576,240,766,533,414,838,578,885,874,302,438,339,282,317,361,420,426,366,456
8/13,NA,719,329,176,291,221,234,1233,837,658,961,440,603,265,527,496,261,224,428,168,389,490,534,826,294,92,129,680,231,604,227,93,72,301,1356,1365,557,423,422,422,167,209,356,142,456,363,313,483,382,281,525,486,370,613,543,1143,616,325,362,224,397,318,282,331,406,391,1056
8/14,NA,858,292,237,326,283,311,895,1144,752,891,582,739,344,582,517,350,266,324,145,486,600,415,696,351,75,113,462,261,490,252,101,61,122,1881,1078,801,498,435,374,196,199,261,291,532,227,214,495,497,353,650,398,279,756,404,818,785,225,452,263,323,403,305,348,220,400,797
8/15,NA,1257,307,359,388,320,382,914,1036,570,1048,600,818,336,1093,534,436,294,283,101,519,866,447,811,391,51,151,443,352,427,558,96,58,56,1175,1027,1074,436,598,204,133,150,189,180,607,183,221,394,684,329,594,421,337,1127,593,813,564,247,629,391,272,428,435,240,433,326,816
8/16,NA,1821,124,465,273,343,583,1045,1408,575,1204,418,772,396,1560,600,472,248,289,220,530,671,435,810,316,127,172,390,307,153,484,191,106,46,1242,3097,1125,417,393,305,198,120,137,285,524,141,159,498,543,246,630,396,288,955,603,1123,491,306,563,443,466,565,636,289,375,440,1286
8/17,NA,1221,168,957,388,417,528,865,1072,668,2196,487,756,294,2367,568,497,420,387,343,576,714,398,970,393,189,370,336,540,246,522,138,198,47,826,2536,933,662,374,330,250,282,120,326,247,373,121,340,488,299,606,365,324,624,771,723,511,186,481,383,392,358,491,240,388,461,980
8/18,NA,954,374,2722,545,504,695,1396,819,1095,1353,596,915,356,1788,389,562,307,307,377,496,1156,419,1401,502,366,279,347,466,410,444,129,376,146,1356,1628,511,306,471,591,396,322,145,162,536,309,134,523,830,312,657,404,366,724,593,791,427,222,739,349,395,319,187,396,389,643,1147
8/19,NA,1100,757,2588,589,510,816,2095,850,1152,906,569,1158,376,2297,427,539,943,282,478,505,747,651,2021,580,304,468,264,721,505,213,180,300,192,1070,1266,821,298,385,656,234,296,139,165,447,303,218,263,847,351,518,415,321,1357,702,470,363,406,635,487,396,351,402,444,369,801,775
8/20,NA,1055,797,1976,661,580,1021,3420,1914,1132,1742,719,1293,464,2137,358,566,530,260,484,556,624,806,2953,607,359,883,450,657,401,174,231,265,157,1753,897,1301,231,698,760,361,223,269,312,580,365,512,305,948,317,677,586,421,1681,703,609,412,501,709,481,317,356,485,343,590,698,780
8/21,NA,1130,551,1837,365,877,664,2332,2844,1031,2028,901,1420,1055,2087,354,544,499,391,363,627,470,1269,3521,1074,450,712,371,963,493,372,196,326,71,3166,4922,1500,151,650,402,489,316,225,227,959,493,432,373,732,326,575,472,361,1669,977,590,329,473,620,320,510,363,468,401,548,503,775
8/22,NA,829,1310,1561,594,1034,538,922,3383,1068,3552,564,1836,1228,1695,491,729,360,1420,284,640,651,1434,2307,1301,595,804,645,1493,872,806,387,99,93,2956,5973,1366,292,681,592,358,352,300,437,669,585,383,281,450,329,1001,560,385,1475,930,713,533,429,548,533,564,558,491,338,702,320,875
8/23,NA,352,3052,1311,1271,968,351,2186,2345,1093,3426,704,1256,1446,1870,914,373,576,542,366,539,1440,1202,4074,1659,757,457,1164,1463,785,1135,348,96,216,1711,2279,2475,502,550,479,369,458,672,355,762,615,396,337,830,400,1018,517,368,1502,756,324,298,870,576,562,522,451,395,621,537,407,847
8/24,NA,943,3319,2348,1877,938,649,2199,2001,1102,4609,1491,1158,2474,2602,2546,439,805,1042,557,695,2421,1281,3339,2044,1357,367,1547,1523,732,946,731,186,378,1385,2544,2632,1430,540,352,387,504,420,909,869,377,529,804,1877,504,1030,650,471,1369,641,376,560,784,459,736,513,353,512,905,584,271,1169
8/25,NA,1846,3775,1103,1235,1210,915,1222,1673,1358,5451,2362,866,1676,3603,4374,961,1193,1001,513,833,4272,1082,3351,2070,2138,775,2586,1501,993,1569,882,295,665,1115,3506,1694,1458,1068,743,446,603,641,458,1074,448,364,737,1741,398,1045,516,569,1747,1720,295,907,697,861,662,617,541,632,870,536,313,1043
8/26,NA,3054,4376,2374,1290,2168,1276,2277,2807,2555,3966,2388,1741,2010,3644,4384,819,1629,1289,585,1002,6660,1848,3727,1424,1331,1193,2848,1228,1116,738,756,369,921,1953,4785,1732,598,2175,595,441,545,717,638,947,384,263,1073,1815,636,1330,793,715,1568,1778,597,1041,526,1129,945,725,476,586,622,839,324,1157
8/27,NA,3185,8543,3462,1457,1918,1228,5555,4353,1600,5136,2350,1582,2303,5934,3843,1332,2417,2743,1588,1278,6860,2248,3769,1732,1393,1457,2398,1411,2124,852,953,358,3002,5437,2251,1642,523,1640,929,581,507,609,625,783,450,589,544,1168,618,720,733,839,1689,1931,569,1402,700,2017,1049,1299,516,747,604,689,401,1130
8/28,NA,4380,6709,3127,2393,1629,1312,3619,4285,2339,4159,2196,1795,4677,4296,1523,1254,1884,2728,3260,2974,6420,4223,2664,2473,1426,1111,1883,1657,2039,1339,1889,165,2965,6910,4133,3311,808,2414,971,483,840,481,399,843,418,481,1295,1969,691,1141,1458,936,1630,1851,791,1255,479,1664,1005,1324,409,813,592,805,717,1113
8/29,NA,6936,7759,2495,3493,1848,2334,4931,5327,3033,6449,3475,1996,5493,3799,2272,1079,1291,2952,5418,5568,3455,2079,3156,1588,1873,1226,2336,1833,1863,1942,1737,428,2338,3237,4562,5427,908,2759,2363,478,704,951,731,1356,408,612,587,1894,882,906,1572,1187,1757,2022,817,873,606,1353,1110,1534,658,1247,647,1375,892,857
8/30,NA,4350,8060,2870,1139,1989,1512,3938,10647,4845,9366,3827,1810,5231,5428,3860,1414,1664,2269,9763,5365,5863,2952,4052,2300,2303,2879,2086,1600,1889,2368,1550,487,2234,2896,3090,5161,1020,1968,1676,907,492,908,756,1551,902,849,1483,1970,958,962,1665,1126,1387,2186,866,1109,625,2342,1098,1462,848,1374,486,1730,1660,1446
8/31,NA,3946,5151,7109,2212,3598,1376,2157,12025,6974,17511,5238,1853,4919,6101,6179,2951,2167,2541,9081,9135,9715,2592,3090,3662,2388,7414,2029,1031,1912,1195,1140,1053,2864,2723,3436,4224,1044,1576,2281,1515,545,1574,710,1956,689,1041,1409,2501,953,1491,1829,987,1787,3585,1142,1209,702,3688,1132,2881,1223,1381,1536,1992,2322,1846
9/1,NA,3280,9236,6964,3494,3720,1290,4543,11127,6039,13289,5157,2569,6104,3985,6247,2788,3114,2313,4977,8754,8860,2851,2775,3298,2405,9277,3884,1248,1585,1020,1338,1355,4772,3604,3254,4251,1615,2529,2410,900,821,1094,843,1438,1328,1595,1799,2337,1308,2247,1551,1087,1986,2934,1266,1603,1343,2875,1082,3241,1590,1120,1319,1786,1915,2081
9/2,NA,4939,9536,6711,3504,2949,2351,9249,11203,8422,9223,8112,3549,7472,3573,6434,3351,5232,3340,7189,10000,7037,4118,4088,3076,1697,11288,4164,1826,1890,1232,1239,2976,3487,3656,4260,3842,504,4382,2322,1004,464,1103,836,1330,1212,1234,2437,2072,1256,2020,2454,1225,1835,3955,2053,1162,1491,4579,1087,2874,3176,1235,2590,2085,2709,2174
9/3,NA,5649,7782,6836,2247,3918,2017,12655,11953,11117,8383,6398,4507,5659,5207,5605,1962,4058,10623,8555,3459,4206,4383,5279,1832,1250,4781,3679,3477,2494,1532,963,4327,2363,4187,6721,2371,1500,4476,1766,736,220,738,577,1221,1413,2297,2559,2139,1361,2636,2290,1952,1736,5059,2427,1066,2729,2721,1949,2711,3463,2195,2303,2081,5802,1331
9/4,NA,7555,7297,6526,1392,3252,951,13345,16962,15191,8031,6687,6128,7228,5817,4787,1830,7320,10688,11992,4129,5586,6062,4456,3155,1439,4627,3035,3705,4091,2550,1200,4233,2481,7457,7174,2727,6271,5421,2760,1254,1014,1290,549,2154,2259,1981,4081,3115,1528,2728,2600,1933,2358,4618,3587,1294,2176,3029,2447,1448,3372,1665,2433,2489,6041,1989
9/5,NA,7276,7530,10046,2402,3012,2882,15290,14407,13465,6074,5256,9220,9100,7181,5479,1126,5724,10324,10354,7244,6048,3896,3545,4904,1620,4522,3881,3293,3981,3549,1822,4943,4275,3533,7476,2531,8573,3948,3682,1633,2691,1536,907,3305,1153,3571,4053,5428,1608,2919,2828,3882,3266,4532,3753,1914,2874,3239,3399,1431,3131,2170,2992,2728,4885,2377
9/6,NA,10415,7537,6333,3391,3306,2718,11270,16590,11916,9954,5873,10189,9825,4568,5908,2185,4244,8058,9246,12143,8068,5514,2903,8878,2483,2592,5658,3538,3887,3960,3926,4018,8049,5842,6555,1570,4655,5635,3276,2289,2207,2570,1641,4532,1963,965,3283,3927,1863,4184,2289,7602,3985,5047,4812,3652,3144,5745,3434,3206,2616,2875,2956,1781,4965,1952
9/7,NA,8260,7158,9243,3329,2743,3238,7735,16793,14494,13612,5283,6947,12102,6719,6290,1456,3990,5821,11588,10619,8109,7028,2469,6927,2523,3754,4767,1961,5270,3702,4024,2555,3531,5559,4672,3096,4332,4518,3637,1797,1751,2074,2237,3517,1639,1998,2622,7633,3256,4313,2419,7539,4559,6438,5138,4391,3073,4121,4134,5032,2093,4251,3336,2529,5424,4353
9/8,NA,8321,5790,5074,3776,3371,2427,17322,16669,28721,25628,6581,5804,8466,5679,5497,2722,5344,6672,11129,11857,10180,6707,3984,5002,2159,3735,4784,1625,5208,3602,3167,2340,3693,4779,4080,3374,4698,4685,4887,1177,1863,1829,1543,4029,1756,1970,4314,4840,4191,8648,2136,5688,5862,5046,4879,5378,2645,3974,3462,4863,2012,3862,2601,3251,5929,3314
9/9,NA,11232,6881,5198,3257,4050,2584,12316,16963,35915,26225,8611,5164,10389,4075,5772,3144,7622,6789,10170,9304,9622,7647,4697,3710,2075,2936,5801,2824,4889,3210,2783,3348,3856,6303,3568,6346,5909,2799,4894,1007,1887,1495,1401,2981,1710,3045,3669,4765,4667,10512,4386,6819,7098,4409,4609,6818,2303,5320,2971,3217,2560,2861,3060,2459,6885,2869
9/10,NA,14090,5281,8691,4375,4633,3090,11686,20322,30396,26710,8515,6515,8185,3913,5495,2944,6939,8909,11763,7383,11450,10424,4511,3343,3260,2608,4582,2942,3457,2135,3664,1636,4062,5879,4484,4576,7528,4228,2462,494,1885,1386,1757,2658,1368,4135,5295,5844,5127,8654,5744,7433,4023,7959,5299,7167,2907,7726,3933,1678,2296,2836,2360,3117,6570,2550
9/11,NA,18165,5164,6352,3982,1976,9613,11164,21387,26256,25140,8661,8317,6977,4727,4719,3068,7000,9118,11697,7913,10803,8912,3985,2912,3801,1779,4314,3149,3307,3582,2928,2232,1991,5676,13571,3980,6343,4228,1483,1511,1901,953,1168,3746,2664,4967,4012,4441,7276,8588,7910,8072,7290,6955,3780,4156,3078,5516,2115,1818,1829,2636,2543,3853,7075,2392
9/12,NA,12183,6267,8537,2983,2642,14121,15061,22818,15169,24071,7170,10950,6314,4914,4209,2483,3535,11914,11707,11588,8788,7718,3817,4258,2876,2698,5019,3428,3655,3002,2664,823,2615,5530,20371,4986,5350,6705,3891,1547,1896,1372,1631,3815,3542,3285,4773,6872,5207,9622,5541,6065,8172,7113,3779,6193,2477,5997,3095,1500,2396,2446,2309,3549,7235,3117
9/13,NA,8519,6255,7498,8451,3611,12180,11359,23516,13987,18441,4698,5724,5549,3622,5431,1302,2802,7886,9383,15289,9565,5778,2503,4060,2036,3906,2977,3171,2548,3253,2784,1653,1803,4662,18977,24318,5892,5412,3248,1417,1943,702,1621,4744,4279,3531,3756,5218,4664,5995,4925,3986,9231,8182,2971,5168,2921,2257,2564,1538,1949,2650,2504,3120,6746,3830
9/14,NA,7848,6087,6919,9805,3047,8741,6780,20731,21989,20037,6115,6774,4165,4056,5245,1894,2690,6276,10189,14678,6196,4414,1831,3929,5779,3594,3080,1398,2885,2130,2487,1318,2346,3299,12582,23445,8714,5405,2357,2602,1037,1178,1220,3381,4543,3940,7421,5592,5969,3912,4449,4217,5115,5914,2939,4253,3184,2168,1778,1440,1809,2758,2304,3121,7863,3097
9/15,NA,6998,5592,5454,10983,2484,8971,7259,18470,19668,21239,11345,6655,4589,2540,5109,2045,3167,7150,9254,14741,5673,3887,1645,3505,3552,4621,3268,1628,3085,2895,1884,2310,2933,3098,9210,20095,9390,4397,2400,2154,1161,996,610,2942,3767,3154,6753,4033,6462,3857,4928,4355,4428,7170,4267,5682,2948,2122,2541,2405,1804,2787,1719,3433,9224,2087
9/16,NA,7630,5205,6693,4666,1961,11715,11353,16592,18623,12402,11141,7345,4833,2744,4280,2711,4372,9199,8031,15026,7650,5077,1879,2679,2393,3983,2897,1637,2668,1793,1586,2101,3839,3860,5090,16342,6623,3927,2223,3510,1327,1149,1161,1893,2556,4519,5253,3791,6392,2640,6142,4424,3944,6775,2792,7382,2893,1880,1842,2087,2041,2104,1463,4228,9170,2398
9/17,NA,11113,6742,4690,3432,3241,8680,11238,17698,19285,15951,9932,10150,6540,2287,3931,1725,3835,13401,6482,12638,3417,6107,2166,2016,1536,3668,1936,2236,3314,2663,2341,1413,2761,6794,2424,16863,5242,4109,702,2705,1175,1421,453,1315,2071,3386,4147,4406,5219,3348,4789,3443,3813,5865,3029,8273,3145,1673,1537,3387,1880,1975,1312,3668,9694,1989
9/18,NA,9604,5255,6092,4409,2952,8041,8081,12175,12591,20357,6617,6528,7325,1776,4215,1323,2812,6205,7303,9311,4701,5863,1889,2418,1258,2035,1237,1729,3521,3072,1875,1374,1868,8727,2186,12667,5828,4126,541,3458,1611,1289,1122,908,2801,2753,2926,2808,5127,2090,4007,4328,2937,4166,2052,6710,3275,1084,1164,2686,767,1649,997,2931,5685,1910
9/19,NA,10741,4413,6740,5554,4037,5506,8865,15756,11715,22700,4975,7813,6165,3462,3639,1577,3169,7261,6105,8810,4603,4539,1459,2491,890,1707,1258,2030,3383,2831,1760,1908,1933,7278,637,11120,5769,3032,817,2876,1688,1075,941,1439,1968,2122,1637,1902,4582,1342,2860,2809,3082,3712,1896,4010,2994,1410,1333,2062,682,1372,956,2099,5172,1882
9/20,NA,7043,5341,7445,8418,1072,6302,5262,16606,15770,21544,4118,6164,5595,4749,3058,1830,3984,4957,6701,8163,3718,4547,1573,2846,2953,1439,1483,1625,2813,2165,1795,2836,1007,4327,947,6772,4710,2167,1064,2285,1459,735,1123,1644,2693,3273,1782,2007,3658,1298,3132,1816,1891,3233,1046,5043,2684,1246,821,1127,785,1258,829,1613,4307,1174
9/21,NA,6433,4385,4798,5755,1360,6231,3883,17779,15520,16993,4330,6016,5871,3996,3224,3203,4549,6658,5069,7896,4031,3303,1161,3910,3028,1675,1768,1421,2171,2042,1361,2282,2091,1864,855,3349,5879,1334,1776,1740,1802,744,1739,1454,2194,2119,1450,1145,3978,2093,2046,2022,1234,2273,1094,3065,1853,1130,601,1135,1003,1273,609,1675,4578,1539
9/22,NA,4696,2559,3233,4428,2153,6108,3406,15508,13538,13030,3651,3992,5095,3376,2600,3444,5288,3537,5509,6016,3954,2534,1253,2748,2663,914,2020,1438,1416,1838,1444,1574,1180,1450,1144,2159,3255,1130,1480,1239,1505,843,1127,1195,2063,2020,2254,869,3007,1360,1973,1959,787,1345,645,2740,2076,1141,306,942,352,1202,546,1801,2798,1069
9/23,NA,6167,3276,3337,3049,4248,7022,4386,15626,11292,9735,4546,3367,7473,2256,1939,3853,5381,2963,6006,7719,4263,2330,924,2623,934,899,1549,1323,1433,1687,2294,1331,1245,881,847,2187,1194,824,1661,1450,1135,705,1375,1020,1316,1114,1562,750,3050,1028,2515,1987,790,968,623,1993,2237,992,476,1134,364,706,420,1618,2750,1006
9/24,NA,5622,3660,2478,4520,3796,4188,3513,15564,8542,11150,3153,4536,8450,2244,1657,2351,4595,3568,5040,4944,3049,2529,785,2478,1493,1060,834,1302,1400,488,960,1133,1200,798,800,1161,1271,842,601,1021,798,423,1191,703,1034,1941,1093,631,2873,831,1485,1867,681,930,642,2399,1840,425,257,786,356,869,439,1170,1858,886
9/25,NA,4587,2999,2366,3691,3504,5093,4538,10481,5595,10534,3490,5744,10894,1956,1599,2182,3228,2373,6710,4610,2380,2018,627,1873,1226,1111,1287,1590,1255,734,760,1218,734,929,758,2524,1244,812,993,1506,864,434,977,753,1246,1003,1775,604,2206,1014,1407,1786,619,1023,477,1740,1195,524,338,708,229,395,331,739,1434,931
9/26,NA,3596,4040,3885,2607,4017,3418,3056,10947,9256,10501,2225,4134,9846,2377,1942,1093,1466,2234,6788,4035,1995,1968,623,1537,1630,837,1107,1595,1226,510,923,969,1277,779,611,2306,1860,875,597,1339,906,530,1525,748,655,1722,1287,611,2596,825,1172,1543,772,845,596,1134,602,528,306,675,436,698,400,636,1072,540
9/27,NA,3157,3327,2588,4111,1998,3322,2104,10626,10191,10474,2189,2691,4908,1470,1794,1163,1466,3331,4549,3860,2225,2181,787,1108,1513,1281,878,900,1128,757,773,867,808,691,892,2245,1497,992,459,766,713,336,1042,1062,796,499,1399,618,2019,1029,1227,1037,622,736,327,909,403,427,268,572,280,417,314,573,1451,458
9/28,NA,3377,1903,4922,3078,1402,2727,2791,8489,6997,8055,3014,3376,4532,1188,2183,884,2126,2635,3917,3305,2482,1301,630,1066,1558,1018,981,1081,884,638,363,793,311,592,418,1214,2430,1376,618,711,1327,321,1094,794,594,785,1181,621,992,565,740,840,536,587,419,903,373,290,284,573,267,513,216,429,782,578
9/29,NA,2492,2747,2395,2079,864,3009,2376,8185,7301,6760,2903,2568,4409,1326,939,1013,3513,3551,4473,3067,2149,1159,492,1187,912,904,1032,733,729,550,302,358,341,827,421,764,902,1694,553,717,648,577,684,542,550,495,1279,655,1414,597,714,793,507,570,485,551,249,484,116,496,308,382,168,377,797,439
9/30,NA,2320,2133,3327,1649,1242,3541,2176,7969,5307,5269,2212,3510,3800,1241,1341,528,3099,1617,3828,2425,1747,1309,447,1190,945,542,1021,810,781,377,369,355,381,983,655,685,1793,1334,445,643,714,372,603,494,653,508,1081,519,948,876,1007,861,474,531,527,678,268,281,171,476,289,211,124,290,446,441
10/1,NA,2052,2258,1662,3063,1372,2514,2179,9266,3239,2881,1365,2634,2834,1258,915,693,2485,2623,3103,1961,1480,1108,602,1118,1203,606,902,832,734,259,369,312,305,923,621,1247,1047,918,651,370,549,268,1136,422,713,906,1175,432,846,960,658,815,407,472,388,529,444,365,134,295,165,209,198,242,425,426
10/2,NA,1627,1126,1712,4653,2482,1842,1637,7526,4130,5461,1405,1731,2103,1263,683,814,3098,1866,2422,1639,1275,1401,361,785,851,506,629,803,939,197,435,140,508,355,442,1167,1182,1256,318,512,678,159,551,479,865,683,1129,340,853,528,701,702,298,503,661,450,382,167,102,259,175,196,143,256,221,252
10/3,NA,1233,1558,2727,1211,1255,1308,1510,6803,4409,6943,1362,1390,2132,1141,434,917,1495,1680,1915,1507,1119,1129,323,794,1285,342,627,838,737,101,300,260,465,484,500,1313,1563,1052,551,589,703,231,528,640,676,779,871,396,1008,568,428,661,357,525,334,575,392,313,188,314,168,145,118,165,243,377
10/4,NA,1503,1019,2812,1290,789,4100,845,4978,5096,3944,1237,1393,2013,694,995,804,1307,1264,1685,1187,914,875,261,504,868,427,469,858,1124,145,248,193,558,321,396,1124,1170,1086,298,785,474,127,905,751,768,479,430,362,802,401,276,459,240,494,284,1409,225,198,104,291,289,189,145,139,167,295
10/5,NA,1109,853,2007,1045,712,2746,1157,7261,4051,3197,1560,1767,2048,792,1386,533,1369,1335,1692,1315,1067,852,288,881,893,333,363,646,538,225,367,443,345,581,405,682,1205,1048,356,675,247,57,666,662,857,501,907,388,621,489,332,387,335,397,401,775,269,134,95,209,195,122,164,163,178,291
10/6,NA,952,862,1434,1565,495,2243,1170,7123,3701,2491,1180,2524,2556,587,1247,434,1341,1029,1636,1256,947,802,162,660,709,311,378,648,711,215,246,275,391,508,315,373,801,1074,402,573,284,64,255,391,552,450,663,244,777,334,186,362,226,330,313,395,168,157,118,283,142,283,113,81,207,232
10/7,NA,1132,663,1653,1193,961,1680,1250,6150,2664,2156,872,1982,1396,745,601,468,1334,1225,1046,1318,603,668,172,737,559,221,565,537,540,247,175,256,418,387,366,771,674,505,350,422,377,77,407,497,670,271,895,265,359,546,349,428,159,236,267,355,175,120,89,174,94,149,96,82,141,257
10/8,NA,1003,1437,1730,869,1615,1188,1273,4696,2609,1736,811,1514,1387,679,745,328,865,787,1560,1367,629,426,202,501,431,191,598,417,452,229,129,224,269,304,465,396,476,616,261,455,298,131,299,408,403,352,563,160,477,392,359,288,148,174,212,303,177,164,110,263,113,201,211,47,107,97
10/9,NA,769,923,1183,919,1015,1628,982,3599,2791,2428,980,1476,1102,780,529,511,589,1275,1540,1401,532,652,159,510,336,214,190,441,285,145,238,165,200,458,713,474,508,657,227,399,478,110,156,271,441,396,1278,133,462,480,281,345,132,213,137,286,212,134,93,204,76,139,120,70,212,117
10/10,NA,652,1053,1079,1576,697,1675,992,5343,1981,3748,945,2032,1247,390,531,793,942,813,1266,966,381,554,174,360,337,211,314,266,324,244,176,154,126,331,187,704,427,494,223,536,376,89,192,190,565,346,782,214,490,376,282,323,180,241,166,139,148,220,107,198,134,104,97,53,134,108
10/11,NA,817,731,1564,1431,721,2271,779,5687,1906,4726,945,949,812,537,494,673,914,1159,1054,946,433,336,212,447,376,203,337,470,316,105,118,153,237,382,193,714,667,568,213,265,219,87,288,338,526,421,684,298,412,220,185,285,169,248,103,143,201,105,73,54,149,85,90,66,154,114
10/12,NA,520,468,1315,970,462,897,740,4020,1976,3716,747,1124,908,351,457,825,854,589,1412,1088,461,496,199,184,323,151,194,265,375,100,137,154,105,207,237,402,517,374,217,275,231,86,307,429,500,235,490,327,501,226,265,259,117,149,147,158,118,133,85,130,162,216,52,71,42,119
10/13,NA,342,593,1203,894,194,1068,360,3842,1346,3375,653,891,733,327,264,639,494,505,750,1077,461,514,198,253,213,126,307,260,197,105,121,85,248,374,400,481,434,603,123,161,131,33,151,306,374,478,411,349,344,265,145,192,85,165,204,183,250,108,28,80,162,124,115,70,74,102
10/14,NA,400,631,674,441,349,1596,555,3376,826,2581,396,1068,490,254,289,359,373,475,757,974,397,462,181,128,194,149,261,200,175,68,98,96,117,294,95,216,371,486,108,244,111,76,71,277,559,262,384,264,393,165,199,198,89,121,164,147,232,145,23,69,88,125,83,100,60,82
10/15,NA,373,517,372,513,259,695,359,2571,1022,2558,317,901,669,396,445,482,272,294,675,688,305,312,167,263,231,175,187,252,108,81,90,67,142,246,240,306,277,389,93,231,129,36,121,249,403,511,289,179,351,191,143,165,84,240,90,155,147,62,20,59,147,97,110,34,53,77
10/16,NA,254,511,955,673,150,391,465,3565,1023,2664,458,734,297,1200,319,458,415,385,598,1011,306,360,111,137,203,171,223,154,181,148,71,49,150,179,156,841,409,369,161,145,118,44,156,284,314,207,397,236,294,212,192,158,87,130,116,123,219,93,32,128,75,137,83,37,28,81
10/17,NA,286,608,614,686,180,357,596,2069,1360,1669,450,741,354,328,433,349,693,347,498,529,284,363,87,229,159,168,152,169,116,146,42,21,75,141,169,1077,310,341,36,199,145,41,90,305,264,290,342,209,345,142,106,183,85,103,63,141,166,121,66,90,71,120,93,36,56,74
10/18,NA,207,366,652,503,115,466,413,1698,978,1653,401,720,434,237,287,420,637,355,488,647,325,310,110,108,75,133,117,124,173,194,55,74,63,159,116,677,339,274,87,222,100,30,86,203,274,162,240,434,398,131,112,96,60,123,52,76,149,49,44,124,39,64,65,28,33,41
10/19,NA,262,399,437,567,142,382,311,1124,988,1774,254,413,383,330,222,231,434,499,627,590,317,377,64,164,67,112,143,172,116,88,66,66,100,125,207,213,253,216,32,164,125,29,103,217,262,181,228,285,473,101,116,88,46,103,119,119,103,61,55,110,47,45,75,30,32,56
10/20,NA,209,418,320,815,456,663,242,1625,882,1641,251,545,394,292,217,306,555,249,1498,462,347,317,60,156,79,114,78,147,134,82,64,84,96,149,112,562,242,218,96,182,111,52,52,314,258,159,314,317,661,130,81,166,62,98,60,71,167,60,41,70,41,35,72,21,21,32
10/21,NA,234,448,361,472,338,517,270,1290,538,1083,184,553,282,145,225,283,383,240,469,391,169,242,115,147,108,120,101,149,89,68,72,95,74,72,135,249,262,143,44,86,61,34,22,332,201,182,188,231,582,93,165,161,43,103,92,93,200,31,36,90,37,28,44,19,24,44
10/22,NA,405,492,262,352,234,587,425,2203,638,813,192,570,240,100,103,177,379,252,322,551,301,163,102,143,83,123,93,128,95,61,61,67,68,134,140,477,180,148,95,86,67,43,30,187,261,170,225,273,344,90,NA,119,75,101,51,68,355,87,47,39,25,39,73,24,29,33
10/23,NA,380,396,317,352,533,364,425,1704,601,805,283,459,207,127,132,194,282,125,317,549,234,233,61,91,113,116,103,97,141,44,68,43,179,73,81,269,122,219,21,156,117,26,47,218,150,130,323,462,256,115,NA,54,105,105,100,134,NA,37,20,123,65,22,49,26,15,57
10/24,NA,276,280,240,432,225,204,277,1643,537,653,258,413,96,84,138,198,265,126,213,392,242,339,93,115,119,83,82,91,89,34,89,80,63,49,73,364,116,116,61,103,74,29,49,120,144,132,171,287,268,117,NA,NA,68,111,35,125,NA,NA,33,154,23,49,42,30,12,51
10/25,NA,108,207,106,400,300,217,197,1715,395,567,238,459,166,155,188,182,168,137,295,469,221,386,63,103,79,92,133,83,93,38,58,67,73,98,65,205,185,223,73,122,131,46,38,243,176,119,156,161,303,122,NA,NA,NA,119,39,67,NA,NA,NA,166,58,52,54,42,19,42
10/26,NA,121,138,150,447,360,108,281,1352,481,660,214,206,180,128,72,160,159,125,258,432,168,159,84,115,63,68,89,62,73,50,45,35,61,187,110,184,195,279,39,135,95,18,40,173,154,95,167,189,365,98,NA,NA,NA,NA,46,49,NA,NA,NA,77,44,36,40,30,10,30
10/27,NA,116,124,88,424,165,80,255,979,419,649,262,268,98,133,92,133,138,112,251,335,166,160,52,51,111,56,76,81,65,46,49,46,62,120,74,164,95,207,74,110,51,22,36,245,127,73,152,138,146,73,NA,NA,NA,NA,41,24,NA,NA,NA,NA,51,63,54,16,10,15
10/28,NA,117,129,74,406,309,119,297,1058,353,415,132,199,124,151,130,66,122,167,140,199,112,160,79,145,106,67,65,55,88,36,46,33,41,85,123,257,144,59,74,68,36,18,44,144,154,69,126,146,101,64,NA,NA,NA,NA,35,41,NA,NA,NA,NA,NA,69,46,8,17,14
10/29,NA,64,141,67,244,152,322,418,932,198,464,100,204,179,88,157,94,98,222,159,155,123,123,67,96,54,54,55,91,145,37,55,56,44,106,164,208,129,49,71,81,70,32,55,107,79,91,118,117,356,60,NA,NA,NA,NA,40,NA,NA,NA,NA,NA,NA,NA,45,14,20,23
10/30,NA,86,105,174,321,330,415,317,465,220,446,202,203,124,137,96,68,74,148,157,243,197,149,57,94,84,70,31,35,116,21,40,48,44,117,86,169,180,49,50,92,54,16,67,64,94,49,118,148,339,25,NA,NA,NA,NA,17,NA,NA,NA,NA,NA,NA,NA,20,7,18,14
10/31,NA,102,138,141,246,331,348,210,586,223,310,101,167,80,98,94,117,105,88,181,342,217,165,49,53,72,76,84,54,54,60,45,36,39,91,61,165,124,49,38,66,58,45,37,50,55,37,79,136,319,16,NA,NA,NA,NA,23,NA,NA,NA,NA,NA,NA,NA,10,15,26,11
11/1,NA,63,NA,NA,NA,NA,291,NA,NA,NA,NA,127,NA,NA,NA,NA,131,219,103,142,318,NA,NA,NA,NA,NA,NA,NA,NA,NA,NA,NA,NA,NA,81,NA,NA,NA,108,NA,NA,NA,NA,NA,19,NA,NA,NA,NA,NA,NA,NA,NA,NA,NA,31,NA,NA,NA,NA,NA,NA,NA,18,8,5,23
11/2,NA,60,NA,NA,NA,NA,191,NA,NA,NA,NA,84,NA,NA,NA,NA,118,199,89,14,292,NA,NA,NA,NA,NA,NA,NA,NA,NA,NA,NA,NA,NA,38,NA,NA,NA,140,NA,NA,NA,NA,NA,26,NA,NA,NA,NA,NA,NA,NA,NA,NA,NA,45,NA,NA,NA,NA,NA,NA,NA,34,2,17,11
11/3,NA,40,NA,NA,NA,NA,237,NA,NA,NA,NA,82,NA,NA,NA,NA,78,148,82,130,179,NA,NA,NA,NA,NA,NA,NA,NA,NA,NA,NA,NA,NA,37,NA,NA,NA,123,NA,NA,NA,NA,NA,55,NA,NA,NA,NA,NA,NA,NA,NA,NA,NA,10,NA,NA,NA,NA,NA,NA,NA,25,3,7,17
11/4,NA,2,NA,NA,NA,NA,396,NA,NA,NA,NA,69,NA,NA,NA,NA,41,166,59,185,159,NA,NA,NA,NA,NA,NA,NA,NA,NA,NA,NA,NA,NA,75,NA,NA,NA,27,NA,NA,NA,NA,NA,45,NA,NA,NA,NA,NA,NA,NA,NA,NA,NA,29,NA,NA,NA,NA,NA,NA,NA,26,2,5,23
11/5,NA,34,NA,NA,NA,NA,441,NA,NA,NA,NA,64,NA,NA,NA,NA,47,102,70,176,186,NA,NA,NA,NA,NA,NA,NA,NA,NA,NA,NA,NA,NA,48,NA,NA,NA,56,NA,NA,NA,NA,NA,42,NA,NA,NA,NA,NA,NA,NA,NA,NA,NA,12,NA,NA,NA,NA,NA,NA,NA,13,1,3,21
11/6,NA,75,NA,NA,NA,NA,342,NA,NA,NA,NA,96,NA,NA,NA,NA,77,155,55,119,244,NA,NA,NA,NA,NA,NA,NA,NA,NA,NA,NA,NA,NA,50,NA,NA,NA,40,NA,NA,NA,NA,NA,50,NA,NA,NA,NA,NA,NA,NA,NA,NA,NA,10,NA,NA,NA,NA,NA,NA,NA,19,4,4,4
11/7,NA,64,NA,NA,NA,NA,258,NA,NA,NA,NA,95,NA,NA,NA,NA,75,135,30,132,164,NA,NA,NA,NA,NA,NA,NA,NA,NA,NA,NA,NA,NA,36,NA,NA,NA,36,NA,NA,NA,NA,NA,50,NA,NA,NA,NA,NA,NA,NA,NA,NA,NA,14,NA,NA,NA,NA,NA,NA,NA,13,4,9,10
11/8,NA,47,NA,NA,NA,NA,142,NA,NA,NA,NA,73,NA,NA,NA,NA,51,64,31,6,190,NA,NA,NA,NA,NA,NA,NA,NA,NA,NA,NA,NA,NA,19,NA,NA,NA,30,NA,NA,NA,NA,NA,27,NA,NA,NA,NA,NA,NA,NA,NA,NA,NA,11,NA,NA,NA,NA,NA,NA,NA,3,2,12,15
11/9,NA,31,NA,NA,NA,NA,191,NA,NA,NA,NA,71,NA,NA,NA,NA,59,42,65,67,125,NA,NA,NA,NA,NA,NA,NA,NA,NA,NA,NA,NA,NA,31,NA,NA,NA,44,NA,NA,NA,NA,NA,43,NA,NA,NA,NA,NA,NA,NA,NA,NA,NA,43,NA,NA,NA,NA,NA,NA,NA,5,0,9,20
11/10,NA,24,NA,NA,NA,NA,148,NA,NA,NA,NA,28,NA,NA,NA,NA,52,67,40,78,106,NA,NA,NA,NA,NA,NA,NA,NA,NA,NA,NA,NA,NA,27,NA,NA,NA,34,NA,NA,NA,NA,NA,NA,NA,NA,NA,NA,NA,NA,NA,NA,NA,NA,NA,NA,NA,NA,NA,NA,NA,NA,1,0,4,9
11/11,NA,15,NA,NA,NA,NA,148,NA,NA,NA,NA,35,NA,NA,NA,NA,47,55,29,95,59,NA,NA,NA,NA,NA,NA,NA,NA,NA,NA,NA,NA,NA,38,NA,NA,NA,28,NA,NA,NA,NA,NA,NA,NA,NA,NA,NA,NA,NA,NA,NA,NA,NA,NA,NA,NA,NA,NA,NA,NA,NA,8,0,6,4
11/12,NA,8,NA,NA,NA,NA,172,NA,NA,NA,NA,41,NA,NA,NA,NA,55,56,17,79,74,NA,NA,NA,NA,NA,NA,NA,NA,NA,NA,NA,NA,NA,35,NA,NA,NA,28,NA,NA,NA,NA,NA,NA,NA,NA,NA,NA,NA,NA,NA,NA,NA,NA,NA,NA,NA,NA,NA,NA,NA,NA,13,1,4,3
11/13,NA,1,NA,NA,NA,NA,192,NA,NA,NA,NA,33,NA,NA,NA,NA,49,55,13,59,95,NA,NA,NA,NA,NA,NA,NA,NA,NA,NA,NA,NA,NA,20,NA,NA,NA,32,NA,NA,NA,NA,NA,NA,NA,NA,NA,NA,NA,NA,NA,NA,NA,NA,NA,NA,NA,NA,NA,NA,NA,NA,24,2,6,2
11/14,NA,11,NA,NA,NA,NA,169,NA,NA,NA,NA,24,NA,NA,NA,NA,41,46,19,66,69,NA,NA,NA,NA,NA,NA,NA,NA,NA,NA,NA,NA,NA,12,NA,NA,NA,18,NA,NA,NA,NA,NA,NA,NA,NA,NA,NA,NA,NA,NA,NA,NA,NA,NA,NA,NA,NA,NA,NA,NA,NA,4,0,2,1
11/15,NA,3,NA,NA,NA,NA,202,NA,NA,NA,NA,29,NA,NA,NA,NA,49,54,26,23,66,NA,NA,NA,NA,NA,NA,NA,NA,NA,NA,NA,NA,NA,22,NA,NA,NA,23,NA,NA,NA,NA,NA,NA,NA,NA,NA,NA,NA,NA,NA,NA,NA,NA,NA,NA,NA,NA,NA,NA,NA,NA,9,1,1,8
11/16,NA,5,NA,NA,NA,NA,103,NA,NA,NA,NA,22,NA,NA,NA,NA,23,63,24,58,52,NA,NA,NA,NA,NA,NA,NA,NA,NA,NA,NA,NA,NA,12,NA,NA,NA,28,NA,NA,NA,NA,NA,NA,NA,NA,NA,NA,NA,NA,NA,NA,NA,NA,NA,NA,NA,NA,NA,NA,NA,NA,7,1,0,2
11/17,NA,1,NA,NA,NA,NA,57,NA,NA,NA,NA,37,NA,NA,NA,NA,22,66,13,35,80,NA,NA,NA,NA,NA,NA,NA,NA,NA,NA,NA,NA,NA,11,NA,NA,NA,14,NA,NA,NA,NA,NA,NA,NA,NA,NA,NA,NA,NA,NA,NA,NA,NA,NA,NA,NA,NA,NA,NA,NA,NA,7,1,0,1
11/18,NA,10,NA,NA,NA,NA,25,NA,NA,NA,NA,29,NA,NA,NA,NA,25,41,16,19,53,NA,NA,NA,NA,NA,NA,NA,NA,NA,NA,NA,NA,NA,13,NA,NA,NA,6,NA,NA,NA,NA,NA,NA,NA,NA,NA,NA,NA,NA,NA,NA,NA,NA,NA,NA,NA,NA,NA,NA,NA,NA,7,0,1,2
11/19,NA,1,NA,NA,NA,NA,30,NA,NA,NA,NA,14,NA,NA,NA,NA,25,53,16,42,31,NA,NA,NA,NA,NA,NA,NA,NA,NA,NA,NA,NA,NA,7,NA,NA,NA,17,NA,NA,NA,NA,NA,NA,NA,NA,NA,NA,NA,NA,NA,NA,NA,NA,NA,NA,NA,NA,NA,NA,NA,NA,5,0,6,4
11/20,NA,4,NA,NA,NA,NA,63,NA,NA,NA,NA,12,NA,NA,NA,NA,19,43,3,29,43,NA,NA,NA,NA,NA,NA,NA,NA,NA,NA,NA,NA,NA,3,NA,NA,NA,8,NA,NA,NA,NA,NA,NA,NA,NA,NA,NA,NA,NA,NA,NA,NA,NA,NA,NA,NA,NA,NA,NA,NA,NA,4,0,4,7
11/21,NA,-2,NA,NA,NA,NA,42,NA,NA,NA,NA,13,NA,NA,NA,NA,19,34,13,34,33,NA,NA,NA,NA,NA,NA,NA,NA,NA,NA,NA,NA,NA,6,NA,NA,NA,1,NA,NA,NA,NA,NA,NA,NA,NA,NA,NA,NA,NA,NA,NA,NA,NA,NA,NA,NA,NA,NA,NA,NA,NA,3,0,3,1
11/22,NA,2,NA,NA,NA,NA,77,NA,NA,NA,NA,14,NA,NA,NA,NA,16,30,11,19,31,NA,NA,NA,NA,NA,NA,NA,NA,NA,NA,NA,NA,NA,0,NA,NA,NA,1,NA,NA,NA,NA,NA,NA,NA,NA,NA,NA,NA,NA,NA,NA,NA,NA,NA,NA,NA,NA,NA,NA,NA,NA,5,1,3,3
11/23,NA,5,NA,NA,NA,NA,27,NA,NA,NA,NA,7,NA,NA,NA,NA,14,18,7,41,20,NA,NA,NA,NA,NA,NA,NA,NA,NA,NA,NA,NA,NA,2,NA,NA,NA,4,NA,NA,NA,NA,NA,NA,NA,NA,NA,NA,NA,NA,NA,NA,NA,NA,NA,NA,NA,NA,NA,NA,NA,NA,4,0,2,2
11/24,NA,2,NA,NA,NA,NA,16,NA,NA,NA,NA,3,NA,NA,NA,NA,17,24,5,25,32,NA,NA,NA,NA,NA,NA,NA,NA,NA,NA,NA,NA,NA,1,NA,NA,NA,1,NA,NA,NA,NA,NA,NA,NA,NA,NA,NA,NA,NA,NA,NA,NA,NA,NA,NA,NA,NA,NA,NA,NA,NA,6,2,3,3
11/25,NA,5,NA,NA,NA,NA,42,NA,NA,NA,NA,5,NA,NA,NA,NA,12,23,11,15,27,NA,NA,NA,NA,NA,NA,NA,NA,NA,NA,NA,NA,NA,2,NA,NA,NA,7,NA,NA,NA,NA,NA,NA,NA,NA,NA,NA,NA,NA,NA,NA,NA,NA,NA,NA,NA,NA,NA,NA,NA,NA,4,0,1,0
11/26,NA,2,NA,NA,NA,NA,29,NA,NA,NA,NA,12,NA,NA,NA,NA,17,12,6,25,17,NA,NA,NA,NA,NA,NA,NA,NA,NA,NA,NA,NA,NA,2,NA,NA,NA,1,NA,NA,NA,NA,NA,NA,NA,NA,NA,NA,NA,NA,NA,NA,NA,NA,NA,NA,NA,NA,NA,NA,NA,NA,7,3,2,0
11/27,NA,1,NA,NA,NA,NA,45,NA,NA,NA,NA,4,NA,NA,NA,NA,9,21,0,18,8,NA,NA,NA,NA,NA,NA,NA,NA,NA,NA,NA,NA,NA,-1,NA,NA,NA,10,NA,NA,NA,NA,NA,NA,NA,NA,NA,NA,NA,NA,NA,NA,NA,NA,NA,NA,NA,NA,NA,NA,NA,NA,0,1,0,1
11/28,NA,0,NA,NA,NA,NA,22,NA,NA,NA,NA,6,NA,NA,NA,NA,9,16,2,11,18,NA,NA,NA,NA,NA,NA,NA,NA,NA,NA,NA,NA,NA,12,NA,NA,NA,1,NA,NA,NA,NA,NA,NA,NA,NA,NA,NA,NA,NA,NA,NA,NA,NA,NA,NA,NA,NA,NA,NA,NA,NA,0,0,0,3
11/29,NA,4,NA,NA,NA,NA,17,NA,NA,NA,NA,6,NA,NA,NA,NA,13,12,9,8,0,NA,NA,NA,NA,NA,NA,NA,NA,NA,NA,NA,NA,NA,8,NA,NA,NA,0,NA,NA,NA,NA,NA,NA,NA,NA,NA,NA,NA,NA,NA,NA,NA,NA,NA,NA,NA,NA,NA,NA,NA,NA,0,NA,0,1
11/30,NA,0,NA,NA,NA,NA,5,NA,NA,NA,NA,6,NA,NA,NA,NA,14,14,4,19,0,NA,NA,NA,NA,NA,NA,NA,NA,NA,NA,NA,NA,NA,0,NA,NA,NA,4,NA,NA,NA,NA,NA,NA,NA,NA,NA,NA,NA,NA,NA,NA,NA,NA,NA,NA,NA,NA,NA,NA,NA,NA,0,NA,NA,0
12/1,NA,-1,NA,NA,NA,NA,1,NA,NA,NA,NA,2,NA,NA,NA,NA,5,4,4,10,9,NA,NA,NA,NA,NA,NA,NA,NA,NA,NA,NA,NA,NA,NA,NA,NA,NA,NA,NA,NA,NA,NA,NA,NA,NA,NA,NA,NA,NA,NA,NA,NA,NA,NA,NA,NA,NA,NA,NA,NA,NA,NA,NA,NA,NA,NA
12/2,NA,0,NA,NA,NA,NA,1,NA,NA,NA,NA,1,NA,NA,NA,NA,2,NA,3,17,13,NA,NA,NA,NA,NA,NA,NA,NA,NA,NA,NA,NA,NA,NA,NA,NA,NA,NA,NA,NA,NA,NA,NA,NA,NA,NA,NA,NA,NA,NA,NA,NA,NA,NA,NA,NA,NA,NA,NA,NA,NA,NA,NA,NA,NA,NA
12/3,NA,0,NA,NA,NA,NA,11,NA,NA,NA,NA,1,NA,NA,NA,NA,4,6,0,NA,14,NA,NA,NA,NA,NA,NA,NA,NA,NA,NA,NA,NA,NA,NA,NA,NA,NA,NA,NA,NA,NA,NA,NA,NA,NA,NA,NA,NA,NA,NA,NA,NA,NA,NA,NA,NA,NA,NA,NA,NA,NA,NA,NA,NA,NA,NA
12/4,NA,0,NA,NA,NA,NA,14,NA,NA,NA,NA,0,NA,NA,NA,NA,2,5,1,NA,5,NA,NA,NA,NA,NA,NA,NA,NA,NA,NA,NA,NA,NA,NA,NA,NA,NA,NA,NA,NA,NA,NA,NA,NA,NA,NA,NA,NA,NA,NA,NA,NA,NA,NA,NA,NA,NA,NA,NA,NA,NA,NA,NA,NA,NA,NA
12/5,NA,0,NA,NA,NA,NA,3,NA,NA,NA,NA,1,NA,NA,NA,NA,3,NA,0,NA,4,NA,NA,NA,NA,NA,NA,NA,NA,NA,NA,NA,NA,NA,NA,NA,NA,NA,NA,NA,NA,NA,NA,NA,NA,NA,NA,NA,NA,NA,NA,NA,NA,NA,NA,NA,NA,NA,NA,NA,NA,NA,NA,NA,NA,NA,NA
12/6,NA,0,NA,NA,NA,NA,7,NA,NA,NA,NA,1,NA,NA,NA,NA,-1,NA,NA,NA,6,NA,NA,NA,NA,NA,NA,NA,NA,NA,NA,NA,NA,NA,NA,NA,NA,NA,NA,NA,NA,NA,NA,NA,NA,NA,NA,NA,NA,NA,NA,NA,NA,NA,NA,NA,NA,NA,NA,NA,NA,NA,NA,NA,NA,NA,NA
12/7,NA,0,NA,NA,NA,NA,1,NA,NA,NA,NA,-1,NA,NA,NA,NA,1,NA,NA,NA,8,NA,NA,NA,NA,NA,NA,NA,NA,NA,NA,NA,NA,NA,NA,NA,NA,NA,NA,NA,NA,NA,NA,NA,NA,NA,NA,NA,NA,NA,NA,NA,NA,NA,NA,NA,NA,NA,NA,NA,NA,NA,NA,NA,NA,NA,NA
12/8,NA,0,NA,NA,NA,NA,2,NA,NA,NA,NA,0,NA,NA,NA,NA,NA,NA,NA,NA,6,NA,NA,NA,NA,NA,NA,NA,NA,NA,NA,NA,NA,NA,NA,NA,NA,NA,NA,NA,NA,NA,NA,NA,NA,NA,NA,NA,NA,NA,NA,NA,NA,NA,NA,NA,NA,NA,NA,NA,NA,NA,NA,NA,NA,NA,NA
12/9,NA,0,NA,NA,NA,NA,8,NA,NA,NA,NA,1,NA,NA,NA,NA,NA,NA,NA,NA,6,NA,NA,NA,NA,NA,NA,NA,NA,NA,NA,NA,NA,NA,NA,NA,NA,NA,NA,NA,NA,NA,NA,NA,NA,NA,NA,NA,NA,NA,NA,NA,NA,NA,NA,NA,NA,NA,NA,NA,NA,NA,NA,NA,NA,NA,NA
12/10,NA,0,NA,NA,NA,NA,6,NA,NA,NA,NA,2,NA,NA,NA,NA,NA,NA,NA,NA,2,NA,NA,NA,NA,NA,NA,NA,NA,NA,NA,NA,NA,NA,NA,NA,NA,NA,NA,NA,NA,NA,NA,NA,NA,NA,NA,NA,NA,NA,NA,NA,NA,NA,NA,NA,NA,NA,NA,NA,NA,NA,NA,NA,NA,NA,NA
12/11,NA,0,NA,NA,NA,NA,6,NA,NA,NA,NA,1,NA,NA,NA,NA,NA,NA,NA,NA,2,NA,NA,NA,NA,NA,NA,NA,NA,NA,NA,NA,NA,NA,NA,NA,NA,NA,NA,NA,NA,NA,NA,NA,NA,NA,NA,NA,NA,NA,NA,NA,NA,NA,NA,NA,NA,NA,NA,NA,NA,NA,NA,NA,NA,NA,NA
12/12,NA,0,NA,NA,NA,NA,2,NA,NA,NA,NA,0,NA,NA,NA,NA,NA,NA,NA,NA,1,NA,NA,NA,NA,NA,NA,NA,NA,NA,NA,NA,NA,NA,NA,NA,NA,NA,NA,NA,NA,NA,NA,NA,NA,NA,NA,NA,NA,NA,NA,NA,NA,NA,NA,NA,NA,NA,NA,NA,NA,NA,NA,NA,NA,NA,NA
12/13,NA,0,NA,NA,NA,NA,1,NA,NA,NA,NA,0,NA,NA,NA,NA,NA,NA,NA,NA,1,NA,NA,NA,NA,NA,NA,NA,NA,NA,NA,NA,NA,NA,NA,NA,NA,NA,NA,NA,NA,NA,NA,NA,NA,NA,NA,NA,NA,NA,NA,NA,NA,NA,NA,NA,NA,NA,NA,NA,NA,NA,NA,NA,NA,NA,NA
12/14,NA,1,NA,NA,NA,NA,2,NA,NA,NA,NA,1,NA,NA,NA,NA,NA,NA,NA,NA,2,NA,NA,NA,NA,NA,NA,NA,NA,NA,NA,NA,NA,NA,NA,NA,NA,NA,NA,NA,NA,NA,NA,NA,NA,NA,NA,NA,NA,NA,NA,NA,NA,NA,NA,NA,NA,NA,NA,NA,NA,NA,NA,NA,NA,NA,NA
12/15,NA,0,NA,NA,NA,NA,3,NA,NA,NA,NA,0,NA,NA,NA,NA,NA,NA,NA,NA,0,NA,NA,NA,NA,NA,NA,NA,NA,NA,NA,NA,NA,NA,NA,NA,NA,NA,NA,NA,NA,NA,NA,NA,NA,NA,NA,NA,NA,NA,NA,NA,NA,NA,NA,NA,NA,NA,NA,NA,NA,NA,NA,NA,NA,NA,NA
12/16,NA,3,NA,NA,NA,NA,0,NA,NA,NA,NA,0,NA,NA,NA,NA,NA,NA,NA,NA,NA,NA,NA,NA,NA,NA,NA,NA,NA,NA,NA,NA,NA,NA,NA,NA,NA,NA,NA,NA,NA,NA,NA,NA,NA,NA,NA,NA,NA,NA,NA,NA,NA,NA,NA,NA,NA,NA,NA,NA,NA,NA,NA,NA,NA,NA,NA
12/17,NA,0,NA,NA,NA,NA,0,NA,NA,NA,NA,1,NA,NA,NA,NA,NA,NA,NA,NA,NA,NA,NA,NA,NA,NA,NA,NA,NA,NA,NA,NA,NA,NA,NA,NA,NA,NA,NA,NA,NA,NA,NA,NA,NA,NA,NA,NA,NA,NA,NA,NA,NA,NA,NA,NA,NA,NA,NA,NA,NA,NA,NA,NA,NA,NA,NA
12/18,NA,0,NA,NA,NA,NA,0,NA,NA,NA,NA,1,NA,NA,NA,NA,NA,NA,NA,NA,NA,NA,NA,NA,NA,NA,NA,NA,NA,NA,NA,NA,NA,NA,NA,NA,NA,NA,NA,NA,NA,NA,NA,NA,NA,NA,NA,NA,NA,NA,NA,NA,NA,NA,NA,NA,NA,NA,NA,NA,NA,NA,NA,NA,NA,NA,NA
12/19,NA,0,NA,NA,NA,NA,1,NA,NA,NA,NA,1,NA,NA,NA,NA,NA,NA,NA,NA,NA,NA,NA,NA,NA,NA,NA,NA,NA,NA,NA,NA,NA,NA,NA,NA,NA,NA,NA,NA,NA,NA,NA,NA,NA,NA,NA,NA,NA,NA,NA,NA,NA,NA,NA,NA,NA,NA,NA,NA,NA,NA,NA,NA,NA,NA,NA
12/20,NA,0,NA,NA,NA,NA,0,NA,NA,NA,NA,0,NA,NA,NA,NA,NA,NA,NA,NA,NA,NA,NA,NA,NA,NA,NA,NA,NA,NA,NA,NA,NA,NA,NA,NA,NA,NA,NA,NA,NA,NA,NA,NA,NA,NA,NA,NA,NA,NA,NA,NA,NA,NA,NA,NA,NA,NA,NA,NA,NA,NA,NA,NA,NA,NA,NA
12/21,NA,0,NA,NA,NA,NA,0,NA,NA,NA,NA,0,NA,NA,NA,NA,NA,NA,NA,NA,NA,NA,NA,NA,NA,NA,NA,NA,NA,NA,NA,NA,NA,NA,NA,NA,NA,NA,NA,NA,NA,NA,NA,NA,NA,NA,NA,NA,NA,NA,NA,NA,NA,NA,NA,NA,NA,NA,NA,NA,NA,NA,NA,NA,NA,NA,NA
12/22,NA,0,NA,NA,NA,NA,0,NA,NA,NA,NA,1,NA,NA,NA,NA,NA,NA,NA,NA,NA,NA,NA,NA,NA,NA,NA,NA,NA,NA,NA,NA,NA,NA,NA,NA,NA,NA,NA,NA,NA,NA,NA,NA,NA,NA,NA,NA,NA,NA,NA,NA,NA,NA,NA,NA,NA,NA,NA,NA,NA,NA,NA,NA,NA,NA,NA
12/23,NA,0,NA,NA,NA,NA,1,NA,NA,NA,NA,0,NA,NA,NA,NA,NA,NA,NA,NA,NA,NA,NA,NA,NA,NA,NA,NA,NA,NA,NA,NA,NA,NA,NA,NA,NA,NA,NA,NA,NA,NA,NA,NA,NA,NA,NA,NA,NA,NA,NA,NA,NA,NA,NA,NA,NA,NA,NA,NA,NA,NA,NA,NA,NA,NA,NA
12/24,NA,0,NA,NA,NA,NA,0,NA,NA,NA,NA,0,NA,NA,NA,NA,NA,NA,NA,NA,NA,NA,NA,NA,NA,NA,NA,NA,NA,NA,NA,NA,NA,NA,NA,NA,NA,NA,NA,NA,NA,NA,NA,NA,NA,NA,NA,NA,NA,NA,NA,NA,NA,NA,NA,NA,NA,NA,NA,NA,NA,NA,NA,NA,NA,NA,NA
12/25,NA,0,NA,NA,NA,NA,1,NA,NA,NA,NA,1,NA,NA,NA,NA,NA,NA,NA,NA,NA,NA,NA,NA,NA,NA,NA,NA,NA,NA,NA,NA,NA,NA,NA,NA,NA,NA,NA,NA,NA,NA,NA,NA,NA,NA,NA,NA,NA,NA,NA,NA,NA,NA,NA,NA,NA,NA,NA,NA,NA,NA,NA,NA,NA,NA,NA
12/26,NA,0,NA,NA,NA,NA,0,NA,NA,NA,NA,0,NA,NA,NA,NA,NA,NA,NA,NA,NA,NA,NA,NA,NA,NA,NA,NA,NA,NA,NA,NA,NA,NA,NA,NA,NA,NA,NA,NA,NA,NA,NA,NA,NA,NA,NA,NA,NA,NA,NA,NA,NA,NA,NA,NA,NA,NA,NA,NA,NA,NA,NA,NA,NA,NA,NA
12/27,NA,0,NA,NA,NA,NA,0,NA,NA,NA,NA,0,NA,NA,NA,NA,NA,NA,NA,NA,NA,NA,NA,NA,NA,NA,NA,NA,NA,NA,NA,NA,NA,NA,NA,NA,NA,NA,NA,NA,NA,NA,NA,NA,NA,NA,NA,NA,NA,NA,NA,NA,NA,NA,NA,NA,NA,NA,NA,NA,NA,NA,NA,NA,NA,NA,NA
12/28,NA,0,NA,NA,NA,NA,0,NA,NA,NA,NA,0,NA,NA,NA,NA,NA,NA,NA,NA,NA,NA,NA,NA,NA,NA,NA,NA,NA,NA,NA,NA,NA,NA,NA,NA,NA,NA,NA,NA,NA,NA,NA,NA,NA,NA,NA,NA,NA,NA,NA,NA,NA,NA,NA,NA,NA,NA,NA,NA,NA,NA,NA,NA,NA,NA,NA
12/29,NA,1,NA,NA,NA,NA,0,NA,NA,NA,NA,-1,NA,NA,NA,NA,NA,NA,NA,NA,NA,NA,NA,NA,NA,NA,NA,NA,NA,NA,NA,NA,NA,NA,NA,NA,NA,NA,NA,NA,NA,NA,NA,NA,NA,NA,NA,NA,NA,NA,NA,NA,NA,NA,NA,NA,NA,NA,NA,NA,NA,NA,NA,NA,NA,NA,NA
12/30,NA,0,NA,NA,NA,NA,0,NA,NA,NA,NA,0,NA,NA,NA,NA,NA,NA,NA,NA,NA,NA,NA,NA,NA,NA,NA,NA,NA,NA,NA,NA,NA,NA,NA,NA,NA,NA,NA,NA,NA,NA,NA,NA,NA,NA,NA,NA,NA,NA,NA,NA,NA,NA,NA,NA,NA,NA,NA,NA,NA,NA,NA,NA,NA,NA,NA
12/31,NA,0,NA,NA,NA,NA,0,NA,NA,NA,NA,0,NA,NA,NA,NA,NA,NA,NA,NA,NA,NA,NA,NA,NA,NA,NA,NA,NA,NA,NA,NA,NA,NA,NA,NA,NA,NA,NA,NA,NA,NA,NA,NA,NA,NA,NA,NA,NA,NA,NA,NA,NA,NA,NA,NA,NA,NA,NA,NA,NA,NA,NA,NA,NA,NA,NA
,,,,,,,,,,,,,,,,,,,,,,,,,,,,,,,,,,,,,,,,,,,,,,,,,,,,,,,,,,,,,,,,,,,
,,,,,,,,,,,,,,,,,,,,,,,,,,,,,,,,,,,,,,,,,,,,,,,,,,,,,,,,,,,,,,,,,,,
Notes:,,,,,,,,,,,,,,,,,,,,,,,,,,,,,,,,,,,,,,,,,,,,,,,,,,,,,,,,,,,,,,,,,,,
Columbia River DART,,,,,,,,,,,,,,,,,,,,,,,,,,,,,,,,,,,,,,,,,,,,,,,,,,,,,,,,,,,,,,,,,,,
Generated 20 Jul 2023 11:29:49 PDT. DART Adult Passage Counts Graphics & Text www.cbr.washington.edu/dart/query/adult_graph_text.,,,,,,,,,,,,,,,,,,,,,,,,,,,,,,,,,,,,,,,,,,,,,,,,,,,,,,,,,,,,,,,,,,,
,,,,,,,,,,,,,,,,,,,,,,,,,,,,,,,,,,,,,,,,,,,,,,,,,,,,,,,,,,,,,,,,,,,
"DART Data Citation. Columbia River DART, Columbia Basin Research, University of Washington. (2023). Adult Passage Counts Graphics & Text. Available from https://www.cbr.washington.edu/dart/query/adult_graph_text.",,,,,,,,,,,,,,,,,,,,,,,,,,,,,,,,,,,,,,,,,,,,,,,,,,,,,,,,,,,,,,,,,,,